title,emojis
The Shawshank Redemption,
The Godfather,👨‍👦🕴️🤵🔫🇮🇹
The Dark Knight,🦇🤡🃏🚓🚨
The Godfather Part II,🧓👶🔫💼🇮🇹
12 Angry Men,👨‍⚖️🔍🤔🔒👥
The Lord of the Rings: The Return of the King,🧙‍♂️💍🤝🏰🗡️
Pulp Fiction,🔪🏢💼💊💵
Schindler's List,🙏🎞️📝✡️✊
Inception,🌀💭🗝️🌌🤯
Fight Club,🥊🧙‍♂️🛋️💣
The Lord of the Rings: The Fellowship of the Ring,
Forrest Gump,🪑🗺️🍫🎒🌍
"The Good, the Bad and the Ugly",🤠🔥💀
The Lord of the Rings: The Two Towers,🧙‍♂️💍⚔️🌲🏰
The Matrix,🕶️💻🚪🕶️🤖
Goodfellas,🕵️‍♂️💰🚔🎩
Goodfellas,🕵️‍♂️💰🚔🎩
Star Wars: Episode V - The Empire Strikes Back,✨⚔️🚀🌌👽
One Flew Over the Cuckoo's Nest,🤯🤡🔒🌀🛏️
Hamilton,🎭🎶🇺🇸👔✍️
Parasite,🏠🚪💺🤝⚖️
Soorarai Pottru,
Interstellar,🌌🚀🧑‍🚀🌍⏳
City of God,🔫🏙️💥🚓🎥
Spirited Away,👧🌀👹🧙‍♀️🧚‍♂️🌀
Saving Private Ryan,💥🎖️🪖👨‍✈️🎖️
The Green Mile,🌿💀🧓📝🔒
Life Is Beautiful,🎩👶🏞️😊🌈
Se7en,🔪🚓📝🕵️‍♂️
The Silence of the Lambs,🤫🕵️‍♀️🧠🩸👩‍⚕️
Star Wars,✨⚔️🚀👽🤖
Seppuku,
Seven Samurai,🛡️⚔️👨‍✈️🤺🌾
It's a Wonderful Life,✨🎉❤️👫🎁
Joker,🤡🃏🧠🚦
Whiplash,🥁🎯🎼🔥
The Intouchables,🤝🙌🎩🏥
The Prestige,🎩🔮🤹‍♂️🔒🎭
The Departed,🕵️‍♂️🔍🚓🤫
The Pianist,🎹🎼🎶🎹
Gladiator,🏛️⚔️🛡️🩸👑
American History X,
The Usual Suspects,🕵️‍♂️🖥️🔍🧑‍🤝‍🧑🤔
Léon,🕵️‍♂️🔫👶🌆
The Lion King,🦁👑🌅🌍🦓
Terminator 2: Judgment Day,🤖🚗🔥🧬🕒
Cinema Paradiso,🎬📽️🎞️🏡🎥
Cinema Paradiso,🎬📽️🎞️🏡🎥
Grave of the Fireflies,🦋📝🍚👶🕯️
Back to the Future,⏳🚗🕒🚀⌛️
Once Upon a Time in the West,🤠🏞️🔫⏳
Psycho,🛏️🔪🚿😱
Casablanca,
Modern Times,🤖🔧👷‍♂️🏭⏳
City Lights,🏙️💡🤝🧓👦
Capernaum,🏚️👶🌍🤝🚸
Ayla: The Daughter of War,👩‍👧🪖🇰🇷🌄💖
Vikram Vedha,🕵️‍♂️👨‍⚖️⚔️🤝
Your Name,🎎✨💫🌌🤝
Dangal,🤼‍♀️🏆👨‍👧‍👦🌟
Spider-Man: Into the Spider-Verse,🕷️🕸️🌍🕷️🎥
Avengers: Endgame,🦸‍♂️🦸‍♀️💥🌌⌛️
Avengers: Infinity War,
Coco,💀🎸🎉🌮🪦
Django Unchained,🤠🔫🚂🏹👊
The Dark Knight Rises,🦇🚒🏙️🎭💥
3 Idiots,🎓🤪🏫🚜🎬
Like Stars on Earth,🎨📚🧠🌟🌍
WALL·E,🤖🚮🌍✨
The Lives of Others,🎙️🧥🔒📜👀
Oldboy,🧑‍🦱🔒🔫🤝🎥
Memento,🧠📸🚶‍♂️📝🔍
Princess Mononoke,
Once Upon a Time in America,🐿️🧓🔫🎩🌆
Raiders of the Lost Ark,🗺️🧭💼📜🌎
The Shining,🏨👻🔪❄️📹
Apocalypse Now,🔥💣🌴🚤🪃
Alien,👽🚀🛸🤖🚨
Alien,👽🚀🛸🤖🚨
Anand,👦❤️🤝🎉
Beyond Good and Evil,🔥🔪💰🚗
Dr. Strangelove or: How I Learned to Stop Worrying and Love the Bomb,🧑‍🔬💣🌍🤖🔥
Witness for the Prosecution,⚖️👨‍⚖️🔍👩‍⚖️🎭
Paths of Glory,
Rear Window,👁️🏠🔍🕵️‍♂️🚪
Sunset Blvd.,🌆🎥🌅📝🎭
The Great Dictator,🎭👨‍💼🤼‍♂️🕊️
1917,🌍💣🪖🚶‍♂️
Tumbbad,🏞️👹🌀💰🧙
Andhadhun,🎹🔪🕵️‍♂️🤫
Drishyam,🕵️‍♂️🔍🚨📽️
The Hunt,🔪👦🧑‍🎓👩‍👧‍👦🤝
A Separation,⚖️🏠👪📝
Incendies,
Miracle in Cell No.7,👧❤️🔢📦🤝
My Father and My Son,👨‍👦🏡👨‍🔧👩‍⚕️🤝
Inglourious Basterds,💣🎖️🔫🧟‍♂️💥
Eternal Sunshine of the Spotless Mind,🌅🧠💭✨💔
Amélie,🌸👩‍🎨🏙️✨🤗
Snatch,💰🔨🏆🎲
Requiem for a Dream,💭🎭💉💊🌌
American Beauty,🌹✨🏡💔🎭
Good Will Hunting,🧑‍🎓🧠🎭📝🤝
Children of Heaven,
Toy Story,🤠🤖🧸🚀🎉
Braveheart,🏴⚔️🏹🔥🇮🇪
Reservoir Dogs,🔫💼👔👨‍🦱🔥
Full Metal Jacket,🎖️🔫👨‍✈️💣🚢
Come and See,🎥👨‍✈️🚬🌌
Come and See,🎥👨‍✈️🚬🌌
Aliens,🚀👽👾👻
Amadeus,🎼🎹👑🎻✨
Scarface,🔫💰🎩🔥
Star Wars: Episode VI - Return of the Jedi,✨⚔️🚀👽🤖
Das Boot,
Taxi Driver,🚕👨‍💼🗽🔪💣
The Sting,🎱💰🎭🎩
A Clockwork Orange,⌚️🚶‍♂️🍊🔫⚫️
2001: A Space Odyssey,🚀🌌🤖🧠
A Few Dollars More,🤠🔫💰🚶‍♂️🧙‍♂️
Lawrence of Arabia,🏜️🤠🚶‍♂️💂‍♂️🌍
The Apartment,🏢🛋️💼🔑❤️
North by Northwest,🧭✈️🕵️‍♂️🌙👥
Vertigo,🌀🔍👩‍🦰💍
Singin' in the Rain,
Ikiru,🕒🏥💔🌅
Bicycle Thieves,🚲🧓🔍🤝🛠️
Double Indemnity,🕵️‍♂️💰🔪🚗💼
Citizen Kane,🚢🧔🏻🎥🗞️
M,👮‍♂️🔍🚨🕵️‍♀️
Metropolis,🪜🤖🌆⚙️🏙️
The Kid,🤹‍♂️👶✨
Chhichhore,🏫🎓🎉🤸‍♂️🤯
Uri: The Surgical Strike,🎯💥🇮🇳🪖🚁
K.G.F: Chapter 1,
Green Book,🎙️🚗🤝🏆
"Three Billboards Outside Ebbing, Missouri",🎬📝🚶‍♀️🕊️💔
Talvar,🔪🕵️‍♂️🩸🤔
Baahubali 2: The Conclusion,🏹🕌👑⚔️🌊
Klaus,🎅✉️🏘️🌲
Klaus,🎅✉️🏘️🌲
Drishyam,👀🕵️‍♂️🚫🎥
Queen,👑🎤🎶🤘🥁
Tangerines,🍊👨‍👩‍👧‍👦🏥🇪🇪
Run Milkha Run,🏃‍♂️🥛🌟🏅
Gangs of Wasseypur,
Udaan,👦✈️🔥🚪
Paan Singh Tomar,🏃‍♂️🔫🌾🥇
The Secret in Their Eyes,🕵️‍♂️🔍💔📝🕊️
Warrior,🥊🤼‍♂️🥇👊
Shutter Island,🌀👮‍♂️🏝️🧩🚓
Up,🎈🧓👦🌄🏡
The Wolf of Wall Street,🐺💰📈🎩🚓
Chak De! India,🏑🇮🇳🙌🏆
There Will Be Blood,🛢️🤠⚒️💰
Pan's Labyrinth,
Toy Story 3,🤠🧸🚀😀🎉
V for Vendetta,🖥️🤝🖤📝🗽
Rang De Basanti,🇮🇳🎖️🤝🕊️🎬
Black,🖤🤵⚫🕶️👔
Batman Begins,🦇🏙️🦁🛡️🦇
"Swades: We, the People",🤝🌾🏡🌍🇮🇳
Downfall,🔥👨‍✈️🇩🇪🕊️
Howl's Moving Castle,🏰🧙‍♀️🚶‍♀️🎭🌪️
A Beautiful Mind,🧠✨🤯📝🎭
Hera Pheri,
"Lock, Stock and Two Smoking Barrels",🔫🎩💰🎲🚬
L.A. Confidential,🌆🕵️‍♂️🔍🚔🎭
The Outlaws,👮‍♂️🔫🏙️🤝
Heat,🔥🏙️🚓💼🙅‍♂️
Casino,💰🎲🃏👔🌆
Casino,💰🎲🃏👔🌆
Andaz Apna Apna,🤡👬💰👮‍♂️😂
Unforgiven,🤠🔫🌄⏳
Indiana Jones and the Last Crusade,🧙‍♂️🏺⚔️✨🌍
The House of the Hanging,🪓🔪👻💀
My Neighbor Totoro,
Die Hard,🧑‍✈️💣🔫🏢❄️
Ran,⚔️👑🏯🔥💔
Raging Bull,🎯🐂🥊👊💥
Stalker,🌲🚶‍♂️🧭🔍
Autumn Sonata,🎹👩‍🦱🛋️🌅
The Message,🕋📜🌙🕊️
Sholay,🤠🔫💥🏍️🌵
Monty Python and the Holy Grail,⚔️🐍👑🛡️☠️
The Great Escape,🔒🚧⛏️✈️🌍
To Kill a Mockingbird,
Yojimbo,👘🔫🚶‍♂️🌆
Judgment at Nuremberg,⚖️👨‍⚖️🌍✍️🕊️
Some Like It Hot,👩👩🔥🎷🎭
Wild Strawberries,🌲🏡🌅👴🎣
The Seventh Seal,⚔️🔮🧛‍♂️☠️🤺
Du rififi chez les hommes,🕵️‍♂️💰🔒🎩🕰️
Dial M for Murder,🔪🛋️📞🕵️‍♀️️💼
Tokyo Story,🏙️👵👦👧💔
Rashomon,🤼‍♂️🗣️🌫️🎭🔍
All About Eve,
The Treasure of the Sierra Madre,💎⛰️🧭🤝💰
To Be or Not to Be,🤔🙌🎭💣🎭
The Gold Rush,⛏️🪙❄️🏔️👨‍🌾
Sherlock Jr.,🔍🎥🤹‍♂️👓🕵️‍♂️
Portrait of a Lady on Fire,🖼️🔥👩‍🎨👩‍🦰🌬️
Portrait of a Lady on Fire,🖼️🔥👩‍🎨👩‍🦰🌬️
Pink,💖👩‍⚖️🤝🚺
A Silent Voice,👂🏻📝🤝🌟
The Invisible Guest,🕵️‍♂️❓🔙🧩⏱️
Burning,👩‍🦰💜🌺🏠📚
Mommy,
Haider,🗻🔫🕊️🤔
Logan,🧓🦸‍♂️⚡🩸🍼
Room,🔒🏡🧒🛏️
Wild Tales,🔥🚗💥⚖️🤯
Soul,🎼🌌👤⭐
Winter Sleep,👨‍⚕️🛏️🔍🎥
PK,🛸👽🎙️🌍
OMG: Oh My God!,🙏🛕💰🤯
The Grand Budapest Hotel,🏨🖼️🗝️👨‍🌾🎩
Gone Girl,
Wolf Children,👩‍🦱🐺❄️🌧️👶
Hacksaw Ridge,🪖📿✝️🎖️
Inside Out,🧠😃😢🎈💭
Barfi,🎩🤹‍♂️❤️🎬
12 Years a Slave,🌍⏳🚶‍♂️🖤
Rush,🏎️⏱️🔥🏁
Ford v Ferrari,🚗🏁🔥🛠️🏆
Spotlight,📰🔦🕵️‍♂️🖤
Song of the Sea,🌊🐚🧚‍♀️🎶🌕
Kahaani,
Zindagi Na Milegi Dobara,🧗‍♂️🧘‍♂️🚗🌍🎉
Prisoners,🚓🕵️‍♂️🔍🤯
Mad Max: Fury Road,🚗🔥💨🏜️🛡️
A Wednesday,🤔🚶‍♂️⚖️📜
Gran Torino,🚗👴🏼🤝🏉🇺🇸
Gran Torino,🚗👴🏼🤝🏉🇺🇸
Harry Potter and the Deathly Hallows: Part 2,🧙‍♂️⚡🏆🔥👦🏻
Departures,🕊️💒🧑‍🤝‍🧑🪦
Hachi: A Dog's Tale,🐶⏳❤️🏡
Mary and Max,🤝📬👵👦✉️🧵
How to Train Your Dragon,
Into the Wild,🧗‍♂️🌲🏞️🚶‍♂️🌄
No Country for Old Men,🔫💰🏞️🚶‍♂️🤠
Lage Raho Munna Bhai,🕴️🧙‍♂️🌟📖🤝
Million Dollar Baby,🥇💰💪👊💔
Hotel Rwanda,🏨🎖️🌍🕊️🤝
Taegukgi,🪖🔥🌏💣🤝
Before Sunset,🌇🤝🗣️✨🌅
Munna Bhai M.B.B.S.,👨‍⚕️💊😂🎬
Memories of Murder,🕵️‍♂️🔪🚔🌧️
Dil Chahta Hai,
Kill Bill: Vol. 1,👩‍🦰⚔️💥💀
Finding Nemo,🐠🔍🌊🦈🐟
Catch Me If You Can,🛫🕵️‍♂️✉️🎭
Amores Perros,🐶🐕🩸🚗💥
Monsters Inc.,👹🔌🚪💡🎒
Neon Genesis Evangelion: The End of Evangelion,🤖👼💥🌌🤝
Lagaan: Once Upon a Time in India,🏏🇮🇳⌛🌾🤝
The Sixth Sense,👻👁️🧠🔮
The Legend of 1900,🎹🌊🎶🚢✨
The Truman Show,
"Black Cat, White Cat",🐱⚪⬛🎩🔍
The Big Lebowski,👨‍🦳🎲🥃🏖️🕶️
In the Mood for Love,👩‍🦱💃🏽🕰️💔🌧️
Trainspotting,🚊💉🚬🌆
Fargo,🛣️🔫💰❄️
Fargo,🛣️🔫💰❄️
Underground,🏙️💣🚧🎭
Hate,🚔🔫🧑‍🦱🔥
The Big Hearted Man Will Take the Bride,💕🍇✈️🌏👫
Before Sunrise,🌅🗣️🚶‍♂️🌙🌉
Three Colors: Red,
Fist of Fury,🥊🎥🔫🎬
Jurassic Park,🦖🦕🌴🛡️🚧
In the Name of the Father,✝️👨‍👧‍👦🕊️⚖️
Titanic,🚢❄️🔪🍁💔
Big Red Lantern,🏮🐉🤺💥🍜
Dead Poets Society,🎓📖📝🧑‍🎓🤝
Stand by Me,👦👧🏞️🚶‍♂️🤝
Platoon,🪖🔫🌳🔥
"Paris, Texas",🌆🛣️🤠🎶
Nausicaä of the Valley of the Wind,
The Thing,🧟‍♂️👽🔥❄️🔍
Pink Floyd: The Wall,🧱🚶‍♂️🚧🎶🎤
Fitzcarraldo,🚣🌿💰🎩🌊
Fanny and Alexander,👨‍👩‍👧‍👦🏰✨🕯️
Blade Runner,🔪🤖🌆🚁🚦
The Elephant Man,🐘👨‍🦽👨‍⚕️👺🤝
Life of Brian,✝️🧔🤡🎭
The Deer Hunter,🎯🦌🪃⚔️
Rocky,🥊💪🏆🔥
Network,
Barry Lyndon,🎩🎥🤺💰👑
Mirror,🖼️🌌🧠🔄🌊
Chinatown,🏙️🚰🕵️‍♂️🌉🕳️
Paper Moon,📝🌕👩‍🦱👦🤑
Cries and Whispers,🔪👩‍👧‍👦💔🌹💭
Cries and Whispers,🔪👩‍👧‍👦💔🌹💭
Solaris,🌌🧠👽🌊
The Samurai,🤫🔫🛂🗡️🤵
Cool Hand Luke,✋🛠️🚶‍♂️🚓🌅
Persona,🧑‍🤝‍🧑🎭🧠🤔🎬
Andrei Rublev,
The Battle of Algiers,🕊️🗽🗯️🔫✊
The Exterminating Angel,👫🔒🏠✨
What Ever Happened to Baby Jane?,🎭👩‍🦱👵🔪💡
Sanjuro,🤺🗡️👘🎭
The Man Who Shot Liberty Valance,🤠🔫🎩🏜️👨‍🦱
Ivanovo detstvo,🎓🌧️🏠👦🏻🚶‍♂️
The Virgin Spring,🧒🏼🗡️❄️⛰️
Inherit the Wind,⚖️🧬💭🌬️📜
The 400 Blows,🧒🎒🏞️🚓🎬
Ben-Hur,
The Hidden Fortress,🤫🏰🧓🔑🖼️
Nights of Cabiria,🎭🌙🚶‍♀️💔🌟
Blood of the Samurai,🕸️👹🏯⚔️🌌
The Bridge on the River Kwai,🌉🏞️🛠️🤝🎖️
On the Waterfront,🚢💪⚓️🧨🎩
The Wages of Fear,🛢️🚚🔥🚧🚓
Ace in the Hole,🛬🤥📰🕵️‍♂️🎥
White Heat,🔥🧊💣👮‍♂️💥
The Third Man,🌫️🚶‍♂️🍸🔍🎥
The Red Shoes,
The Shop Around the Corner,📝🛍️💌🎅
Rebecca,🏡📝💔👰‍♀️🧥
Mr. Smith Goes to Washington,🤝🇺🇸🏛️📰🎙️
Gone with the Wind,🌪️🎩👗🔥
The Great Illusion,🔓✈️🇫🇷🤝
The Great Illusion,🔓✈️🇫🇷🤝
It Happened One Night,🌙🚶‍♂️🚗💕
The Passion of Joan of Arc,⚔️👸🏼🔥🛡️
The Circus,🤡🎪🎟️🤹‍♂️
Sunrise: A Song of Two Humans,🌅🎶🧔👩🚗
The General,
The Cabinet of Dr. Caligari,🃏🌀💤🔪🤡
It's a Surprise,👵🤰🚶‍♂️🚶‍♀️😂
Togo,🐕❄️🔥🏃‍♂️⚡
Airlift,✈️🇮🇹🙌🤝
Bajrangi Bhaijaan,🕌🧒🌏👨‍🦱🕊️
Baby,👶🚼🚗💼🎶
La La Land,🎹🎼🌃💃🎶
Lion,🦁👦🌍🧭🏆
The Martian,👨‍🚀🔭🌌🏜️🌱
Zootopia,
Baahubali: The Beginning,🛡️⚔️🏰🎯👑
The Tale of the Princess Kaguya,🌕👸🏻🏞️🌸🐿️
Wonder,👦🧒🎓🌟❤️
Gully Boy,🎤🏙️🎧🌧️🎶
Special 26,💼🔫🔢🎭
Short Term 12,🏥👫📝🌟
The Raid 2,🔫👊🚗🎥🤜🤛
The Imitation Game,💻🧩🔍🧠🔓
Guardians of the Galaxy,🌌🛸🚀👨‍🚀🤖
Blade Runner 2049,
Her,🤖💬❤️🌆🧍‍♀️
Bohemian Rhapsody,🎤🤘🎸🕺🎶
The Revenant,🥶🏞️🪓🐻🌨️
The Perks of Being a Wallflower,📚🎉😢🌊👩‍🎓
Elite Squad: The Enemy Now is Another,🚓🔫🔥🕵️‍♂️🤝
Elite Squad: The Enemy Now is Another,🚓🔫🔥🕵️‍♂️🤝
The King's Speech,🗣️👑🗯️👂🇬🇧
The Help,📝👩‍👧‍👦✊🤝
Deadpool,💀🧑‍🎤🧩⚔️🩹
About Elly,🥂💃🏽🤔😢
Dev D,
Yip Man,🥋🥊👊🏆
My Name Is Khan,🙏🧔🌍🤝❤️
Nefes: Vatan Sagolsun,🎖️🇹🇷🪖🧑‍✈️
Slumdog Millionaire,🎲🎤💔🤞🇮🇳
Black Swan,🖤🦢🎭🤯🩰
Elite Squad,🚓🚨🕵️‍♂️👮‍♂️💥
The Avengers,🛡️🦸‍♂️🧑‍🚀🤝🌍
Persepolis,🕌📖🪶🌆🧳
Dallas Buyers Club,💉🤝🎗️🎩🛫
The Pursuit of Happyness,
Blood Diamond,💎🔫🌍🤝🚶‍♂️
The Bourne Ultimatum,👤🕵️‍♂️💻🏃‍♂️🚨
J이ngja,🏚️🚪🗝️🤫💤
Sin City,🌆🎭⚖️🔫🩸
The Diving Bell and the Butterfly,🦋🌊🦻🧠📖
G.O.R.A.,👽🚀🏠🎬🤖
Ratatouille,🧀👨‍🍳🐭🍽️
Casino Royale,🎰🤵🇫🇷🔫💸
Kill Bill: Vol. 2,🔪👩‍🦱⚔️💥🚗
The Return,
My Sassy Girl,💞❄️🌹🌙🎥
The Sea Inside,🌊🤝⚖️🚤
Cinderella Man,🥊👨‍🦱💪🇺🇸
Kal Ho Naa Ho,🎡🎤❤️🇮🇳
Infernal Affairs,🕵️‍♂️🚗🤐🎭
Infernal Affairs,🕵️‍♂️🚗🤐🎭
Pirates of the Caribbean: The Curse of the Black Pearl,🏴‍☠️🥃⚓️💀🎩
Big Fish,🐟🏞️🚶‍♂️🗣️
The Incredibles,🦸‍♂️🦸‍♀️💥🏠👨‍👩‍👧‍👦
Never All Over Again,❤️🎬💔
Dogville,
Vizontele,🎬🏘️🌄🎥🤵
Donnie Darko,🌌🕰️🌀🎭🤯
Magnolia,🌻💫🎭🌀🚦
Dancer in the Dark,🎡🎶🕺🌑
The Straight Story,🛤️👴🚶‍♂️🌾🚗
Perfect Blue,🍣🤤🎏🎎🥢
The Feast,👪🔥🤝🕊️
Central do Brasil,🚂👩‍👧🌎🤝❤️
The Iron Giant,🤖🏭🌌👦🌲
Knockin' on Heaven's Door,
Sling Blade,🔪🤠👴🏻🏡✨
Secrets & Lies,🕵️‍♀️🤝💔🏠
Twelve Monkeys,⌛🐒👁️🌍✈️
Ghost in the Shell,🤖🕵️‍♂️🌃🔫🌐
The Nightmare Before Christmas,🎃👻🎃🎄🎅
Groundhog Day,⏰🐾🌞🔁🌧️
Bound by Honor,🚓💪🤝🚨✨
Scent of a Woman,🥸🎩🍷🌆
Aladdin,🧞‍♂️🕌🗝️🕌🐵
JFK,
Beauty and the Beast,🦁🌹🏰👸🏻🧙🏻‍♂️
Dances with Wolves,🎶🦬🤠🏹🌾
Do the Right Thing,🛤️🤝🔥🏙️✊
Rain Man,🤝🌧️👨‍🦼💼🧠
Akira,🌆🧠⚡🚲👺
Akira,🌆🧠⚡🚲👺
The Princess Bride,👸🏼🤺🗡️👹💖
Wings of Desire,🌌👼🏙️🎭
Bye Bye Children,🙍‍♂️🧒✈️🎖️🚸
Castle in the Sky,🛸🏰🌪️💔🧚
The Terminator,
Gandhi,🕊️✊🌍🗣️🕉️
Kagemusha,🛡️👥👑🏯🎭
Being There,🧓🚶‍♂️🌱🖥️
Annie Hall,💃🧑‍🤝‍🧑🎬🎭📝
Jaws,🦈🌊🔪🎣🦴
Dog Day Afternoon,👮‍♂️💰🔫🌆
Young Frankenstein,⚗️👹🧬🎩🧟‍♂️
Papillon,🦜🗝️🏝️🔒🌎
The Exorcist,👹👻🙏💀🕯️
Sleuth,
The Last Picture Show,🎥🛤️🌽🤠🍻
Fiddler on the Roof,🎻🏠👴👩‍👧‍👦🌸
The Conformist,🧑‍💼📜🏛️🤝
Butch Cassidy and the Sundance Kid,🤠🔫💼🃏
Rosemary's Baby,🍼👶🔪👹🌹
Planet of the Apes,��🌍🦧
The Graduate,🎓🍸🌊🤝
Who's Afraid of Virginia Woolf?,👴👩‍⚖️🇺🇸
The Sound of Music,🎶🎤🌄👨‍👩‍👧‍👦✨
Doctor Zhivago,
A Fistful of Dollars,🤠🔫💰🏜️🤝
8½,🎬🤯🌀🧠🎥
My Life,🎥🎞️💃🌹❤️
The Hustler,🎱👔💰🤵🎲
The Sweet Life,🍝🎬🌟🍹🎭
The Sweet Life,🍝🎬🌟🍹🎭
Rio Bravo,🤠🔫🚓🌅
Anatomy of a Murder,⚖️👨‍⚖️🔍💔💼
Touch of Evil,🕵️‍♂️🕶️🔫🌆🚨
Cat on a Hot Tin Roof,🐱🔥🏠💦🌫️
Sweet Smell of Success,
The Killing,🔪🌆🕵️‍♂️🔎
The Night of the Hunter,🔦👦👻🤠🌙
La Strada,🤡🌉🎭🚚
Diabolique,🕵️‍♀️👻🔪🏫💣
Stalag 17,🏢🎖️🚔👨‍✈️
Roman Holiday,👸🌆✈️💍🍝
A Streetcar Named Desire,🚶‍♂️🚋💭💔🔥
In a Lonely Place,🌃💔🤝🔍
Kind Hearts and Coronets,👐❤️🔪👑
Rope,
Out of the Past,🌫️🔜🕵️ ‍♂️🚗💔
Brief Encounter,💑🚗💌🕰️
Laura,🤔👩‍⚖️🔎❤️
The Best Years of Our Lives,🎖️🇺🇸🤝🎉🧑‍✈️
Arsenic and Old Lace,☠️🏰👵🧪🧓
The Maltese Falcon,🦩🎩🏰🔍🤝
The Grapes of Wrath,🍇🌾🤝😔🚜
The Wizard of Oz,🧙‍♂️🌪️👠🦁🧻
The Rules of the Game,🎭🤝🎲🏡🎩
The Thin Man,
All Quiet on the Western Front,🪖🔥💥🌾👹
Battleship Potemkin,⚓✊🚢🎉
Knives Out,🔪🕵️‍♂️🤫👪🧩
Dil Bechara,💔🤝🎗️🌸🎉
Shoplifters,🏠👨‍👩‍👧‍👦🛒🦹‍♂️🎣
Shoplifters,🏠👨‍👩‍👧‍👦🛒🦹‍♂️🎣
Marriage Story,💍💔📝👩👨
Call Me by Your Name,🌅🍑🎶💑
"I, Daniel Blake",👤📝🏦🤝💼
Isle of Dogs,🐶🌊🏝️🗑️✨
Hunt for the Wilderpeople,
Captain Fantastic,🧒🌲🏕️📚🌍
Sing Street,🎶👦🎸✨💖
Thor: Ragnarok,🔨🌪️👹⭐
Nightcrawler,🦎🚨🌃💼🎥
Jojo Rabbit,🧒🎭🇩🇯🐶🦯
Arrival,🛸🌌🔮🤝
Star Wars: Episode VII - The Force Awakens,✨🌠⚔️🚀👽🤖
Before Midnight,🕰️🌅❤️🌃🎙️
X-Men: Days of Future Past,🧬🦸‍♂️🕰️🐍⌛
Once Upon a Time in Anatolia,
The Artist,🎤🎬🖤🌟🕺
Edge of Tomorrow,🕰️⚔️🌍👾🕑
Amour,❤️🏥💔😢
The Irishman,🧑🇮🇪🔫🕵️‍♂️⌛
A Prophet,🚔📜🏙️🔫🤝
Moon,🌕🤖🌍🛠️
Let the Right One In,🧒🧛‍♀️❄️🔪👫
District 9,🛸👽🤝⚔️🏢
The Wrestler,🤼‍♂️🤕🏟️🎙️💪
Jab We Met,
Boyhood,🌱👦📸🕰️⭐
"4 Months, 3 Weeks and 2 Days",👩‍🦱⚖️🧪👶
Star Trek,🚀🖖🌌👽🤖
In Bruges,🎥🏰💣⚰️🍺
The Man from Earth,👨‍🦳📜⏳🌍🧓
The Man from Earth,👨‍🦳📜⏳🌍🧓
Letters from Iwo Jima,✉️🗾🇯🇵🕊️🤝
The Fall,🍂🌅👫🦅🌄
Life of Pi,🐅🌊🚣‍♂️🧭🌌
Fantastic Mr. Fox,🦊🏡👩‍🌾🎩🥜
C.R.A.Z.Y.,
The Chorus,🎶👦🎤🎼🎺
Iron Man,🤖🦾🏗️🔧🦅
Shaun of the Dead,🧟‍♂️🧟‍♀️🔪☣️🏠
Head-On,🚶‍♂️🎭🚪🌃
Mystic River,🌊🔪👨‍👦⚖️💔
Harry Potter and the Prisoner of Azkaban,🧙‍♂️🧙‍♀️🧳🔒🦝🌕
Hero,🗡️🏹🎯🛡️👑
Talk to Her,🗣️👩‍🎤🤝💔
No Man's Land,🪖🌍🚧
Cowboy Bebop: Tengoku no tobira,
The Bourne Identity,🤺🧠🪪🔍💼
Nine Queens,🤝💰🎭🔑🚨
Children of Men,👶⚠️🌍🕊️
Almost Famous,🎸🌟🤘🎤📝
Mulholland Drive,🌆🌉🎥🤯🌙
Toy Story 2,🤠🤖🧸🧸📦
Boogie Nights,💃🎥✨🌊💰
Whisper of the Heart,📝🎀🌸🎨🎶
Once Were Warriors,🔥🛡️👨‍👩‍👧‍👦🏚️👊
True Romance,
Three Colors: Blue,🔵🎨🎶💔🌹
Jûbê ninpûchô,👊🔪🌸💥🧒
Carlito's Way,💼🕶️🔫🚬🏙️
Edward Scissorhands,✂️🧑‍🦱🎩🏡🌧️
My Left Foot,🦶✍️📖🤲💪
My Left Foot,🦶✍️📖🤲💪
Crimes and Misdemeanors,🔍💼⚖️🤝🥂
The Untouchables,🚓🕵️‍♂️🚫💼🎯
Hannah and Her Sisters,👩👭💬❤️🎭
Brazil,🌍🏢🤯🚧✈️
This Is Spinal Tap,
A Christmas Story,🎄👦🎁🎅❄️
The Blues Brothers,🎷🚗🎙️👔🎤
Manhattan,🏙️🗽💕🎥🌆
All That Jazz,🎭🎶💃🎬🎩
Dawn of the Dead,🧟‍♂️🌅🚪🔫
All the President's Men,📰🏛️🕴️🔍💼
The Holy Mountain,🗻🕉️🏴‍☠️🧙‍♂️🔮
Amarcord,🏞️🎨👵👴💃🎉
The Discreet Charm of the Bourgeoisie,🍽️🤝💤🌌🤪
"Aguirre, the Wrath of God",
Harold and Maude,👫🌿💀🎶🎩
Patton,🪖🏛️🎖️👴🏼
The Wild Bunch,🤠🚶‍♂️🔫🔥🎖️
Night of the Living Dead,🧟‍♂️🌙🏚️🚪🔪
The Lion in Winter,🦁👑❄️🏰👩‍👧‍👦
In the Heat of the Night,🔥👨‍🦳🕵️‍♂️🌙🤝
Charade,👗🔍😎🎭
The Manchurian Candidate,🧠🎯🗺️🌏👨‍✈️
Spartacus,🛡️⚔️🙍‍♂️💪🔥
The Adventure,
Hiroshima mon amour,💣🌆❤️✈️🤝
The Ten Commandments,📝🕊️🙌🕌🧱
The Searchers,🤠🌄🏹🔍🤠
East of Eden,🌅🌳🤝👦👻
High Noon,🤵🔫🚶‍♂️🌅
High Noon,🤵🔫🚶‍♂️🌅
Strangers on a Train,🚇🤝🔪
Harvey,👴🎩🐰🤝
Miracle on 34th Street,🎅🏛️🧸🎁👧
Notorious,🕵️‍♀️💃🔒🤝💣
The Big Sleep,
The Lost Weekend,🍷🚶‍♂️🏠🧠🎭
The Philadelphia Story,👩‍🦰🤵💍🎥🥂
His Girl Friday,🗞️👩‍💼🕵️‍♂️💼⚖️
The Adventures of Robin Hood,🏹🦁👑🛡️🤠
A Night at the Opera,🎭🎤🎬🎟️🤹‍♂️
King Kong,🦍🏙️🌴🏰🚁
Freaks,🤪👥🎪🌀
Nosferatu,🧛‍♂️🌙🏚️🦇
The Gentlemen,🕴️💼💰🤝🥂
Raazi,
Sound of Metal,🤟🔊🔇🎧
The Seller,🎭🎬🔍🤔🌍
Dunkirk,🚢🌊✈️🚶‍♂️🔥
Perfect Strangers,🗣️🤫🔍📱🤐
Hidden Figures,👩‍🔬🚀🌍✈️🕵️‍♀️
Paddington 2,🧸🐻💼🎩🛍️
Udta Punjab,💊🚬🚓🌆🌾
Kubo and the Two Strings,🧙‍♂️🥷🗡️🧚🌵
M.S. Dhoni: The Untold Story,🏏🇮🇳📖🙌
Manchester by the Sea,
Sand stolen,🏝️🔫🚶‍♂️💣🤕
Rogue One,🚁🛰️🚀🌠🤖
Captain America: Civil War,🛡️🇺🇸🤺⚔️🚓
The Hateful Eight,🤬🔫❄️🏚️🎩
Little Women,👭📚🌸❤️
Little Women,👭📚🌸❤️
Loving Vincent,🎨🚲🧑‍🎨💖
Pride,🎉🤝✊🌍🏳️‍🌈
The Past,🕰️💭🚪✈️
The Great Beauty,🌆🌟🍝🎭💫
The Lunchbox,
Vicky Donor,👶💑🍼🌱
Big Hero 6,🤖🦸‍♂️🏙️🎮💥
About Time,⏳❤️⌛🔄
English Vinglish,🗣️📝🌐💁‍♀️✨
The Wind Rises,🛫🌬️💨🏰✈️
Toy Story 4,🧸🤠🚀🤖✨
The Best Offer,🖼️🎨🤝🎩💰
Moonrise Kingdom,🌙👑🏝️👧🧑‍🤝‍🧑
How to Train Your Dragon 2,🐉🎓💪🌍✨
The Big Short,
Confession,🗣️❤️🚗🤝
In Cold Blood,👹🤝🔎🎭
The Girl with the Dragon Tattoo,🧒🐉✒️🔎🗞️
Captain Phillips,🧳🚢⚓️🆘💥
The Man from Nowhere,💪🛡️🧳🚗🎭
Straight Outta Compton,🎤🏙️🎶🔥
Mother,👩‍👧🚶‍♂️😭👀
A Taxi Driver,👨‍✈️🚉🧳🎭
The Hobbit: The Desolation of Smaug,🧙‍♂️🐉🏞️🔑🔥
The White Ribbon,
The Girl with the Dragon Tattoo,🔍👩🔪💼📝
The Trial of the Chicago 7,⚖️🧑‍⚖️🪧✊🧑‍🚀
Another Round,🍻🎓🌊🤔🎉
The Fighter,🥊👊🏼🛡️🏆
Taken,🎤🔫👦🌍https://huggingface.co/spaces/chatgptgpts/emoji-ukraine-api
Taken,🎤🔫👦🌍https://huggingface.co/spaces/chatgptgpts/emoji-ukraine-api
The Boy in the Striped Pyjamas,👦🛏️🎀🚫🇩🇪
Once,🎶💑✨🍷🌧️
The Hobbit: An Unexpected Journey,🐉🧙‍♂️🧚‍♂️🌲⛰️
Head-On,🌍👫🔄🎭🌟
Atonement,
Drive,🚗🔥💰🤫🤐
American Gangster,🏙️💉💰🔫🕵️‍♂️
Avatar,🌍🤝👽🌿💫
Mr. Nobody,🤔🌌🧬⌛🧒
Apocalypto,🏹🌳🔥🏞️⏳
Little Miss Sunshine,🚗👧🏼🌻🏆👠
Hot Fuzz,🚓🔫🕵️‍♂️🌳
The Curious Case of Benjamin Button,🧓🧒⏳🎬
Veer-Zaara,🚶‍♂️🕌❤️🌾✈️
Adam's Apples,
Pride and Prejudice,💃🤵👰📚💌
The World's Fastest Indian,🏍️🔥🌎🏁
Tokyo Godfathers,👵👶👼✨🗼
Serenity,🛶🌌🚀😌
Walk the Line,🎤👞🎸🛤️
Evil,⚔️📝🏫🤍
The Notebook,✍️❤️📖💑
The Motorcycle Diaries,🏍️🇨🇱🌎🧭
Lilja 4-ever,🚸🥀🛤️🌃👥
The Triplets of Belleville,
Joint Security Area,🕊️🤝🌍🧑‍🤝‍🧑
The Count of Monte Cristo,🏰🗝️🗡️🧔💰
Waking Life,🌙💭🤔🌀🧠
Remember the Titans,🏈🤝🏆👩‍🎓👨‍🎓
"Crouching Tiger, Hidden Dragon",🥋🏹🌳💰🦅
"Crouching Tiger, Hidden Dragon",🥋🏹🌳💰🦅
All About My Mother,🙋‍♀️🏥🌹🎭👩‍👧
Cast Away,⛵🌊🏝️🏃‍♂️🍎
The Boondock Saints,🔫👹🔫🚨👥
The Insider,📰🎙️🔍💼🎥
October Sky,
Shrek,🧚‍♂️👹🥾🌳👑
Titanic,🚢❄️🌊💔👩‍❤️‍👨
Hana-bi,🔥💣🚗💔
Gattaca,🧬🚀🧠🌍
The Game,🧠🎲🎭🔍
Breaking the Waves,🚢💔🙏❤️🏥
Ed Wood,🎥🎬🎭👺🤡
What's Eating Gilbert Grape,👪🍔🌳🎩🤔
Tombstone,🤠🔫💀🏜️⭐
The Sandlot,
The Remains of the Day,🏰🤝😔📜⌛️
Naked,🧍‍♂️🚶‍♂️🌳🏞️🤔
The Fugitive,🚓🔍👨‍✈️🎯
A Bronx Tale,🚕🤝👮‍♂️💰👨‍👦
Batman: Mask of the Phantasm,🦇🕵️‍♂️👻🖤🦸‍♂️
The Little Mermaid,🔍👧🧀❤️
Night on Earth,🚕🌃🌍✨
The Double Life of Véronique,🎭👩🏻‍🤝‍🧑🏻🖼️✨🇫🇷
Boyz n the Hood,🚶‍♂️🏙️💪🔥
Misery,
Awakenings,🧠💤🚶‍♂️✨
Kiki's Delivery Service,🧙‍♀️🛺🎁🌾🌈
Glory,⚔️🟤🌟🙌🏽🤝
Infernal Affairs,🔫🤝🕵️‍♂️🎭
Back to the Future Part II,🚗🕒🤖📚🌌
Back to the Future Part II,🚗🕒🤖📚🌌
Mississippi Burning,🚓🟥✊🤝🏼🔍
Predator,👽🏹🔥🌲🤖
Evil Dead II,👹🌲🔫🪓🌑
Ferris Bueller's Day Off,🚗🎉😂🏫🌆
Down by Law,
The Goonies,👦🗺️💎🏴‍☠️⚓️
The Color Purple,🌸💜🗣️🤝🌍
The Breakfast Club,☕️👭👬🎓🎤
The Killing Fields,💣⚖️🌍🌱🤝
Ghostbusters,👻🚫🔬🚓👨‍🔬
The Right Stuff,🚀👨‍✈️🌌🌠
The King of Comedy,🤡🎭🎤📰👑
E.T. the Extra-Terrestrial,👽🛸🌍🤝✨
Kramer vs. Kramer,🤝👶🏛️⚖️👩‍👧
Days of Heaven,
The Outlaw Josey Wales,🤠🔫🧑‍🌾🛤️
The Man Who Would Be King,🧔🌍👑🤝🗺️
The Conversation,🧐🎙️👀📝🤫
The Wild Planet,👽🌍🌿🤖😱
The Day of the Jackal,🔫🤵🇫🇷👀
Badlands,🔫🧑‍🤝‍🧑🌵🌄
Cabaret,🎭🕺🎤🌆🥂
Willy Wonka & the Chocolate Factory,🍫🏭👦🧙‍♂️🎩
Midnight Cowboy,🌙🤠🏙️💓🤝
Wait Until Dark,
Guess Who's Coming to Dinner,🤝🏼🌍👩‍👩‍👧‍👦💍
Bonnie and Clyde,🧑‍🤝‍🧑💣🚓💰
My Fair Lady,👩🎩🎶🗣️🤝
Mary Poppins,🎩🧹🌂👧🧒✨
The Longest Day,🪖🌧️⛽️🕊️
The Longest Day,🪖🌧️⛽️🕊️
Jules and Jim,🎥🥂👫🎞️
The Innocents,👶👼😇🔒🚪
Breathless,🕶️🚗💋👮‍♂️
Red River,🤠🌾🐄🪓
Key Largo,
To Have and Have Not,🏝️🤝🚤🎩🍸
Shadow of a Doubt,🕵️‍♂️🎭🚪🔎
Stagecoach,🚌🤠🔫🌵
The Lady Vanishes,🚂🕵️‍♀️🤫🔍👻
Bringing Up Baby,🎀🐆🍼💼🐒
Bride of Frankenstein,⚗️👰🧟‍♂️🚑🌩️
Duck Soup,🐥😂🤡🎭
Scarface: The Shame of the Nation,🔫🏙️🔥💵🕶️
Frankenstein,🧟‍♂️🔬👹⚡🌪️
Roma,
God's Own Country,🐑🌄❤️🤝
Deadpool 2,💀🔥🦸‍♂️🕶️🎬
Wind River,🧊🌬️🐺🌲🦅
Get Out,🚪🙊🎭🔍
Mission: Impossible - Fallout,🤝💥✈️💣🕵️‍♂️
A Man Called Ove,👴🍂🔨🤝🚪
What We Do in the Shadows,🧛🏻‍♂️🦇🎥😂
Remember Marnie,🌸🎶🚌💭
The Theory of Everything,📘🌌🧠⏳🤔
Kingsman: The Secret Service,
The Fault in Our Stars,🌟🩺💔🌧️🎗️
Me and Earl and the Dying Girl,🎥👦🏻🎨🤝😢
Birdman or (The Unexpected Virtue of Ignorance),🦅🎭🎥💡💪
Blue Is the Warmest Color,🎨👩‍🎤❤️🌍
Kai Po Che!,🏏🧮🎭📉
Kai Po Che!,🏏🧮🎭📉
The Broken Circle Breakdown,🎻💔😭👫
Captain America: The Winter Soldier,🛡️🇺🇸❄️💣🕵️‍♂️
Rockstar,🎸🎤🌟❤️🤘
Nebraska,🚗📝👴🌾
Wreck-It Ralph,
The Little Prince,👦🌍✨🦊
Detachment,🍎📚🧑‍🏫🤝
Midnight in Paris,🌃🖼️🚶‍♂️🎩⏳
The Lego Movie,🧱🎥🏗️🌈🤩
Gravity,🪐🚀🧍‍♂️🌌
Star Trek Into Darkness,🚀🖖🔧🌌🌑
Beasts of No Nation,🔫🌍🚶‍♂️🌅🪖
The Social Network,💻🌐👥🤝🔍
X: First Class,🚀👨‍🔬🔝🎖️
The Hangover,
Skyfall,🌌🔫🕵️‍♂️🎩🕶️
Silver Linings Playbook,🤍😃📖🤝🎭
Argo,🕵️‍♂️🤝🎭✈️
(500) Days of Summer,💑🗓️⏳🌆🌤️
Harry Potter and the Deathly Hallows: Part 1,🧙‍♂️🪦⚡💍🔥
Ponyo,🌊🧒🐟🧜‍♀️🏞️
Frost/Nixon,❄️🎙️🤝🗣️
Paprika,🎨🧠🌈✨🎭
Changeling,🛶👧🕵️‍♂️🕰️
Flipped,
The Girl Who Leapt Through Time,⌚️🚶‍♀️🕰️🌌🎀
Death Note,💀📓📝🔎🧠
This Is England,⛪👦🧥🔥🛹
Ex Machina,🤖💻🧠🚪
From the Wedding,💍👰🤵🌏❤️
From the Wedding,💍👰🤵🌏❤️
The Last King of Scotland,👑🌍🚨🤝🌿
Zodiac,🔍🦂🌌✨
Lucky Number Slevin,🔢🔫🎭💼🤵
Joyeux Noël,🎖️🎄🤝🎶🕊️
Control,
Tangled,👩‍🦱🌟🏰🦷🎶
Black Book,🎥🌍🕵️‍♂️✈️💣
Brokeback Mountain,🏞️👬🌧️🎻🔥
3:10 to Yuma,🚶‍♂️🤠🚔🔫⏰
Crash,🚗💥🤝🤔🌍
Kung Fu,👊🥋🐉🛡️🙏
The Bourne Supremacy,🕵️‍♂️💼🌍🚗💥
The Machinist,🛠️🧠⏳🧍‍♂️🌙
Ray,🎸🎶🎤🎹🎺
Lost in Translation,
Harry Potter and the Goblet of Fire,🧙‍♂️🔥🥀🏆🧟‍♂️
Man on Fire,🔥👨‍🦯🔫👧🚓
Coraline,🧵👁️👺👪
The Last Samurai,🤠🗾🗡️🛡️🧑‍✈️
The Magdalene Sisters,🙏🚺🔒⚡
Good Bye Lenin!,👩‍👧‍👦🌇🕊️🎬
In America,🏙🌆🤝👨‍👩‍👧‍👦✨
I Am Sam,👨‍🧑👶💖🧠🤝
Adaptation,🎭📝🎬🤯🧠
Black Hawk Down,
Road to Perdition,🚗🔫💰👨‍👦🕵️‍♂️
The Experiment,🧪🔒👥🔥
Billy Elliot,🕺🎶👖💃
Hedwig and the Angry Inch,🎸🤘😡🚿🎤
Ocean's Eleven,🌊🎲🃏💰🕶️
Ocean's Eleven,🌊🎲🃏💰🕶️
Vampire Hunter D: Bloodlust,🧛‍♂️🔫✨🌕🧟‍♂️
"O Brother, Where Art Thou?",🎩🚶‍♂️💼🌾🎺
Interstate 60: Episodes of the Road,🚗🛣️🌟😇💼
"South Park: Bigger, Longer & Uncut",🎭🗣️🍻🚸🤬
Office Space,
Happiness,😊💖😄🌟🏡
Training Day,🔫👮‍♂️🏙️🚓👊
Rushmore,🤓🎒🎭🌆
Open Your Eyes,🧠👁️💭🤯
Being John Malkovich,🧠🎭👤🔄🎥
As Good as It Gets,☀️📝💖🤝
The Fifth Element,👽🔮✨🚶‍♂️🌍
The Dinner Game,🎩😂🤦‍♂️📚
Donnie Brasco,🔫👔🤝💼🕵️‍♂️
Shine,
Primal Fear,😠🔍🚓⚖️
Hamlet,🤔👑🗡️👻
A Little Princess,👧🏰🎀🌸✨
Lethal Weapon,🔫👮‍♂️🚓🕵️‍♀️
The Postman,✉️🌅🎶💌
Clerks,🧑‍💼📝☕️📞💸
Short Cuts,🚗🔪🤯🚦
Philadelphia,🌈👨‍⚕️🚑🏛️🌍
The Muppet Christmas Carol,🎄👹👼🎶🎭
Malcolm X,
The Last of the Mohicans,🏞️🌿🏹🤝🛶
The Red Pig,🚁🐷🌆🎶
Glengarry Glen Ross,💼🏢🔑📝💰
A Few Good Men,⚖️👨‍⚖️🪖🤝🏛️
Fried Green Tomatoes,🍅🔥🧁👵😊
Fried Green Tomatoes,🍅🔥🧁👵😊
Barton Fink,🎭📝🏢💼🖥️
Miller's Crossing,🔫💼🤝🗡️📜
Who Framed Roger Rabbit,👻🎬🐇🕵️‍♂️🎥
Spoorloos,🛤️🚬💔🔪
Withnail & I,
The Last Emperor,👑🏯🎎🚶‍♂️⚡
Empire of the Sun,🛡️🌆✈️🎖️🌏
The Name of the Rose,📜🔍🙏🏰🕯️
Blue Velvet,🔵🧀🌹🌌
The Purple Rose of Cairo,🎞️🌹🦸‍♀️🎭💖
After Hours,🌃🕺🌀🚗🚶‍♀️
Zelig,🎭🤡🧑‍🦱🎥
The Verdict,⚖️👩‍⚖️🔍✉️🤕
Star Trek II: The Wrath of Khan,🚀🖖😡🧪🤯
First Blood,
Ordinary People,👨‍👩‍👧‍👦💔😢✨
Airplane!,✈️😂🛬
Lupin the Third: Legend of the Criminal Castle,🃏🔍🏯👀🚨
Halloween,🎃👻🔪🧟‍♂️🎭
The Tenant,🏚️👤🔑🕵️‍♂️
Love and Death,💖⚔️🔫😢🤍
The Taking of Pelham One Two Three,🚓🔫💣🕵️‍♂️
Blazing Saddles,🤠🔥🎭🍼
Serpico,🕵️‍♂️🔍💰⚖️🚓
Enter the Dragon,
Deliverance,🚣‍♂️🌲🌊⛺⚔️
The French Connection,🚓🔍🔫🌆
Dirty Harry,🔫👮‍♂️🧐🚓🔥
Where Eagles Dare,🦅🪖❄️🎯🚁
The Odd Couple,👬😄🚪📚🍷
The Odd Couple,👬😄🚪📚🍷
The Dirty Dozen,💣🎖️🚁🔥
Beauty of the Day,💃🏨💄🚪😈
A Man for All Seasons,📜🤝⚖️👑🇬🇧
Repulsion,🚪🧟‍♀️🌀🤯
Zulu,
Goldfinger,🔫🔒💰👑
The Birds,🐦🐦🐦🦅🪰
Cape Fear,🌊😱👣🔪🏕️
Peeping Tom,🎥👁️🔪🔍😱
The Magnificent Seven,🤠🔫👥✊🌄
Eyes Without a Face,👁️‍🗨️🧑‍🔬💉🎭
Invasion of the Body Snatchers,👽🧟‍♂️🌎🔥
Rebel Without a Cause,😠🚗👊👦🏻💥
The Ladykillers,🕵️‍♂️💣👻🌀
Sabrina,
The Quiet Man,🤫🍀🏡🚲🎣
The Day the Earth Stood Still,🌍🛑🤖👽🔭
The African Queen,🚣‍♀️🌊🌍🦢☠️
Gilda,🎲😈💃🏻💿ង
Fantasia,🎶🖼️✨🐭🌈
The Invisible Man,👓🕵️‍♂️🌫️🚶‍♂️🧊
Dark Waters,🌊⚗️🌎🤒
Searching,🖥️🔎👧🤳🗣️
Once Upon a Time in Hollywood,🎬🌅🎤⭐️🤠
Loveless,
The Florida Project,🎬🏚️🏖️✨🍦
Just Mercy,⚖️✊🤝👨‍⚖️❤️
Gifted,🎁👶📚✨
The Peanut Butter Falcon,🥜🧈🤠🏃‍♂️🎣
Victoria,👑🏙️💃🚗
Victoria,👑🏙️💃🚗
Mustang,👭🕌🔧🏡🎨
Guardians of the Galaxy Vol. 2,🚀👾🌌🤝💥
Baby Driver,🚗🎶🦸‍♂️💼🔥
Only the Brave,🔥🚒👨‍🚒🏞️💪
Bridge of Spies,
Incredibles 2,🦸‍♂️🦸‍♀️🚨🎩✨
Moana,🌊🗺️👸🐟🌴
Sicario,🔫🚔🌵💰🕵️‍♂️
Creed,🥊🥇🎖️👊🔥
Leviathan,🌊🛑🏡👩‍⚖️🤝
Hell or High Water,🚓🔥💰🏼🥊
Philomena,👩📖✈️🙏
Dawn of the Planet of the Apes,🌅🧟‍♂️🌍🐒👫
The Body,🕵️‍♂️🩸🗝️🚪
The Raid,
End of Watch,🚓🔫🚨🎥👮‍♂️
The Secret World of Arrietty,🏡🐿️🌿✨🧚
A Star Is Born,🎤🌟🎶❤️🎬
True Grit,🤠🎯🔫🐎
In a Better World,🤝🔪⚔️🤔
Despicable Me,🌀👩‍🔬💣🦄
50/50,🎗️⚖️💪😊🎉
Kick-Ass,🦸‍♂️💥🥊🗡️🦸‍♀️
Cell 211,🚓🔒⚠️👊⚰️
Moneyball,
The Skin I live In,🧵🩺👩‍🦳🧪🩸
Zombieland,🧟‍♂️🪓🚗🌎🎮
The Wave,💧📊🤝🧑‍🏫🌊
Sherlock Holmes,🕵️‍♂️🔍📝🕰️🧩
The Blind Side,👀🙊🏈🧳🤝
The Blind Side,👀🙊🏈🧳🤝
The Visitor,👀👽🌍🎭🕰️
Seven Pounds,🤝🌲💔💖🎁
Eastern Promises,🛡️🔫🕵️‍♂️🌆
Stardust,✨🌌🧚‍♀️🌠🌳
The Secret of Kells,
Inside Man,🔒💰🤝🚓🤔
Gone Baby Gone,👶🔎🏙️👮‍♂️
La Vie En Rose,🎤🎶🌹😢🎙️
Huo Yuan Jia,🥋👊🌏🇨🇳✨
The Illusionist,🧙‍♂️✨🎩🃏🎩
Dead Man's Shoes,💀👟👤🔎🔫
Harry Potter and the Half-Blood Prince,🧙‍♂️👑🧪⚡🧙‍♀️
300,🛡️⚔️🔥👑🏹
Match Point,🎾💍❓🤝
Watchmen,
Lord of War,💣🌍🔫🕊️
Saw,🔪🩸🕰️🚪
"Synecdoche, New York",🏙️🧩🎭🌀🕰️
Mysterious Skin,🕵️‍♂️🩸👦🔍🌌
Love Me If You Dare,🧒🎲❤️🥊
A Very Long Engagement,🔍💌🌹🌧️🇫🇷
The Station Agent,🚉👤🏞️🤝
21 Grams,🩸🔄🧠💔
Battleship Island,🤖🌎🧠🔍🚀
Finding Neverland,
25th Hour,🕑🚶‍♂️🔒⚖️⏳
The Butterfly Effect,🦋⏳🧠🌌
28 Days Later,🧟‍♂️🌍🚪🔥
Battle Royale,🔫🚪🤝🎮🔥
The Royal Tenenbaums,👑🎩🎭🤹‍♂️🎨
The Royal Tenenbaums,👑🎩🎭🤹‍♂️🎨
And Your Mother Too,🚗🗺️🌞👩‍👦👩‍🦱
Harry Potter and the Sorcerer's Stone,🧙‍♂️🧙‍♀️⚡📚✨
The Others,👻🏚️⏳🕯️
Blow,💨💰🌎🚬🔫
Enemy at the Gates,
Minority Report,👁️🕵️‍♂️⌛🚓🔮
The Hurricane,🌪️🏛️🧑‍⚖️✊🤾‍♂️
American Psycho,🧥🔪🧪🎭
Run Lola Run,🔴🎽🌀⏱️🌀
The Thin Red Line,🌊🎖️🪖🌅
Mulan,🗡️🏹👩‍🎤⛄
Fear and Loathing in Las Vegas,🎭🥸🌆🌀💉
Funny Games,😂🔫🎭🤡
Dark City,🌃🕵️‍♂️🏙️🔍🤯
Sleepers,
Lost Highway,🛣️🧩🖤🕵️‍♂️🎭
Sense and Sensibility,💔💃👒🤝📜
Die Hard: With a Vengeance,🏢🔥💣👮‍♂️💥
Dead Man,🤠🩸🌲🤫🎩
The Bridges of Madison County,🌉👩‍🦰🧑‍🦱💌⏳
Apollo 13,🚀🧊🌌🚁🔧
White,⚪🌍💔🤝
Falling Down,🏃‍♂️💥🚧🔫😡
Dazed and Confused,🌀🎸🚲🎉
My Cousin Vinny,
Only Yesterday,🏡💭🚶‍♀️🎨
Delicatessen,🍽️🏚️🔪👫🧀
Home Alone,🧳🧒🏠🔑🦝
The Godfather: Part III,👔🕴️🔫💼🇮🇹
When Harry Met Sally,💏☕✨💬🎥
When Harry Met Sally,💏☕✨💬🎥
The Little Mermaid,🧜‍♀️🌊🐚🐠🎶
The Naked Gun: From the Files of Police Squad!,🔫🤵🚓🕵️‍♂️🎩
"Planes, Trains & Automobiles",✈️🚆🚗👨‍✈️🤝🎉
Lethal Weapon,🔫🚓🧓🎯
Blood Simple,
On Golden Pond,🦆🏞️👴🧓🌅
Mad Max 2,🏍️🔥🚗🔫
The Warriors,🗽🏇🔥🤝
The Muppet Movie,🎭🐸🎬🛣️🤹‍♀️
Escape from Alcatraz,🚢🔓🚶‍♂️🌊🔒
Watership Down,🏞️🐇🐰🌀🌾
Midnight Express,🌙✈️🚔🔓💥
Close Encounters,🚀👽🔭🤝🌌
The Long Goodbye,🔫🤝🕶️🚬📖
"Duck, You Sucker!",
Kelly's Heroes,🪖🎖️💥🎯🎖️
The Jungle Book,🐒🌳🦁👦🎶
Blow Up,🔍👁️👗🖼️
A Hard Day's Night,🎸🎤🕺🎬
Breakfast at Tiffany's,🥂👜🌸✨🦢
Giant,🐄🏡🌾👚🌟
From Here to Eternity,🌅✈️💔🌊🌴
Lifeboat,🚤🌊🆘⚓️🚢
The 39 Steps,📝🔍🌍✈️🔑
The Hobbit: The Battle of the Five Armies,
