ID,Selejt,Usage
ITEM_13000,0,Public
ITEM_13001,1,Public
ITEM_13002,0,Public
ITEM_13003,0,Public
ITEM_13004,0,Public
ITEM_13005,1,Public
ITEM_13006,1,Public
ITEM_13007,0,Public
ITEM_13008,0,Public
ITEM_13009,0,Public
ITEM_13010,0,Public
ITEM_13011,1,Public
ITEM_13012,1,Public
ITEM_13013,0,Public
ITEM_13014,0,Public
ITEM_13015,1,Public
ITEM_13016,1,Public
ITEM_13017,0,Public
ITEM_13018,1,Public
ITEM_13019,1,Public
ITEM_13020,1,Public
ITEM_13021,0,Public
ITEM_13022,0,Public
ITEM_13023,0,Public
ITEM_13024,0,Public
ITEM_13025,0,Public
ITEM_13026,1,Public
ITEM_13027,1,Public
ITEM_13028,1,Public
ITEM_13029,1,Public
ITEM_13030,0,Public
ITEM_13031,0,Public
ITEM_13032,0,Public
ITEM_13033,0,Public
ITEM_13034,0,Public
ITEM_13035,0,Public
ITEM_13036,0,Public
ITEM_13037,0,Public
ITEM_13038,1,Public
ITEM_13039,1,Public
ITEM_13040,1,Public
ITEM_13041,0,Public
ITEM_13042,1,Public
ITEM_13043,0,Public
ITEM_13044,0,Public
ITEM_13045,1,Public
ITEM_13046,1,Public
ITEM_13047,1,Public
ITEM_13048,1,Public
ITEM_13049,1,Public
ITEM_13050,0,Public
ITEM_13051,1,Public
ITEM_13052,1,Public
ITEM_13053,0,Public
ITEM_13054,0,Public
ITEM_13055,0,Public
ITEM_13056,1,Public
ITEM_13057,1,Public
ITEM_13058,0,Public
ITEM_13059,0,Public
ITEM_13060,1,Public
ITEM_13061,0,Public
ITEM_13062,0,Public
ITEM_13063,1,Public
ITEM_13064,1,Public
ITEM_13065,0,Public
ITEM_13066,1,Public
ITEM_13067,1,Public
ITEM_13068,0,Public
ITEM_13069,1,Public
ITEM_13070,1,Public
ITEM_13071,0,Public
ITEM_13072,1,Public
ITEM_13073,0,Public
ITEM_13074,1,Public
ITEM_13075,1,Public
ITEM_13076,0,Public
ITEM_13077,0,Public
ITEM_13078,1,Public
ITEM_13079,1,Public
ITEM_13080,0,Public
ITEM_13081,0,Public
ITEM_13082,1,Public
ITEM_13083,1,Public
ITEM_13084,0,Public
ITEM_13085,0,Public
ITEM_13086,1,Public
ITEM_13087,1,Public
ITEM_13088,1,Public
ITEM_13089,1,Public
ITEM_13090,1,Public
ITEM_13091,1,Public
ITEM_13092,0,Public
ITEM_13093,0,Public
ITEM_13094,0,Public
ITEM_13095,0,Public
ITEM_13096,0,Public
ITEM_13097,0,Public
ITEM_13098,0,Public
ITEM_13099,0,Public
ITEM_13100,0,Public
ITEM_13101,0,Public
ITEM_13102,1,Public
ITEM_13103,0,Public
ITEM_13104,0,Public
ITEM_13105,1,Public
ITEM_13106,0,Public
ITEM_13107,0,Public
ITEM_13108,0,Public
ITEM_13109,0,Public
ITEM_13110,0,Public
ITEM_13111,1,Public
ITEM_13112,0,Public
ITEM_13113,0,Public
ITEM_13114,0,Public
ITEM_13115,0,Public
ITEM_13116,1,Public
ITEM_13117,0,Public
ITEM_13118,1,Public
ITEM_13119,0,Public
ITEM_13120,1,Public
ITEM_13121,1,Public
ITEM_13122,0,Public
ITEM_13123,1,Public
ITEM_13124,0,Public
ITEM_13125,1,Public
ITEM_13126,0,Public
ITEM_13127,0,Public
ITEM_13128,0,Public
ITEM_13129,0,Public
ITEM_13130,1,Public
ITEM_13131,0,Public
ITEM_13132,1,Public
ITEM_13133,0,Public
ITEM_13134,1,Public
ITEM_13135,1,Public
ITEM_13136,0,Public
ITEM_13137,0,Public
ITEM_13138,0,Public
ITEM_13139,1,Public
ITEM_13140,1,Public
ITEM_13141,1,Public
ITEM_13142,0,Public
ITEM_13143,1,Public
ITEM_13144,1,Public
ITEM_13145,0,Public
ITEM_13146,1,Public
ITEM_13147,0,Public
ITEM_13148,1,Public
ITEM_13149,0,Public
ITEM_13150,1,Public
ITEM_13151,1,Public
ITEM_13152,0,Public
ITEM_13153,0,Public
ITEM_13154,0,Public
ITEM_13155,0,Public
ITEM_13156,1,Public
ITEM_13157,0,Public
ITEM_13158,0,Public
ITEM_13159,1,Public
ITEM_13160,1,Public
ITEM_13161,0,Public
ITEM_13162,1,Public
ITEM_13163,0,Public
ITEM_13164,0,Public
ITEM_13165,0,Public
ITEM_13166,0,Public
ITEM_13167,1,Public
ITEM_13168,1,Public
ITEM_13169,1,Public
ITEM_13170,1,Public
ITEM_13171,0,Public
ITEM_13172,1,Public
ITEM_13173,0,Public
ITEM_13174,0,Public
ITEM_13175,1,Public
ITEM_13176,0,Public
ITEM_13177,0,Public
ITEM_13178,0,Public
ITEM_13179,1,Public
ITEM_13180,0,Public
ITEM_13181,1,Public
ITEM_13182,1,Public
ITEM_13183,1,Public
ITEM_13184,1,Public
ITEM_13185,0,Public
ITEM_13186,0,Public
ITEM_13187,0,Public
ITEM_13188,0,Public
ITEM_13189,0,Public
ITEM_13190,1,Public
ITEM_13191,1,Public
ITEM_13192,1,Public
ITEM_13193,1,Public
ITEM_13194,0,Public
ITEM_13195,0,Public
ITEM_13196,1,Public
ITEM_13197,0,Public
ITEM_13198,0,Public
ITEM_13199,1,Public
ITEM_13200,1,Public
ITEM_13201,0,Public
ITEM_13202,0,Public
ITEM_13203,1,Public
ITEM_13204,0,Public
ITEM_13205,1,Public
ITEM_13206,0,Public
ITEM_13207,0,Public
ITEM_13208,0,Public
ITEM_13209,0,Public
ITEM_13210,1,Public
ITEM_13211,1,Public
ITEM_13212,1,Public
ITEM_13213,0,Public
ITEM_13214,0,Public
ITEM_13215,0,Public
ITEM_13216,1,Public
ITEM_13217,0,Public
ITEM_13218,1,Public
ITEM_13219,0,Public
ITEM_13220,0,Public
ITEM_13221,0,Public
ITEM_13222,0,Public
ITEM_13223,1,Public
ITEM_13224,1,Public
ITEM_13225,0,Public
ITEM_13226,0,Public
ITEM_13227,0,Public
ITEM_13228,1,Public
ITEM_13229,0,Public
ITEM_13230,1,Public
ITEM_13231,1,Public
ITEM_13232,0,Public
ITEM_13233,0,Public
ITEM_13234,0,Public
ITEM_13235,0,Public
ITEM_13236,1,Public
ITEM_13237,0,Public
ITEM_13238,0,Public
ITEM_13239,1,Public
ITEM_13240,0,Public
ITEM_13241,1,Public
ITEM_13242,1,Public
ITEM_13243,1,Public
ITEM_13244,0,Public
ITEM_13245,1,Public
ITEM_13246,1,Public
ITEM_13247,0,Public
ITEM_13248,0,Public
ITEM_13249,0,Public
ITEM_13250,0,Public
ITEM_13251,1,Public
ITEM_13252,1,Public
ITEM_13253,0,Public
ITEM_13254,0,Public
ITEM_13255,0,Public
ITEM_13256,0,Public
ITEM_13257,0,Public
ITEM_13258,0,Public
ITEM_13259,1,Public
ITEM_13260,1,Public
ITEM_13261,0,Public
ITEM_13262,0,Public
ITEM_13263,0,Public
ITEM_13264,1,Public
ITEM_13265,0,Public
ITEM_13266,0,Public
ITEM_13267,1,Public
ITEM_13268,1,Public
ITEM_13269,0,Public
ITEM_13270,0,Public
ITEM_13271,0,Public
ITEM_13272,0,Public
ITEM_13273,1,Public
ITEM_13274,1,Public
ITEM_13275,1,Public
ITEM_13276,0,Public
ITEM_13277,1,Public
ITEM_13278,0,Public
ITEM_13279,0,Public
ITEM_13280,0,Public
ITEM_13281,1,Public
ITEM_13282,0,Public
ITEM_13283,1,Public
ITEM_13284,0,Public
ITEM_13285,0,Public
ITEM_13286,1,Public
ITEM_13287,0,Public
ITEM_13288,1,Public
ITEM_13289,0,Public
ITEM_13290,0,Public
ITEM_13291,0,Public
ITEM_13292,0,Public
ITEM_13293,0,Public
ITEM_13294,0,Public
ITEM_13295,1,Public
ITEM_13296,1,Public
ITEM_13297,0,Public
ITEM_13298,1,Public
ITEM_13299,0,Public
ITEM_13300,1,Public
ITEM_13301,0,Public
ITEM_13302,0,Public
ITEM_13303,1,Public
ITEM_13304,1,Public
ITEM_13305,0,Public
ITEM_13306,1,Public
ITEM_13307,0,Public
ITEM_13308,1,Public
ITEM_13309,0,Public
ITEM_13310,0,Public
ITEM_13311,0,Public
ITEM_13312,0,Public
ITEM_13313,1,Public
ITEM_13314,0,Public
ITEM_13315,1,Public
ITEM_13316,0,Public
ITEM_13317,0,Public
ITEM_13318,0,Public
ITEM_13319,0,Public
ITEM_13320,1,Public
ITEM_13321,0,Public
ITEM_13322,1,Public
ITEM_13323,0,Public
ITEM_13324,0,Public
ITEM_13325,1,Public
ITEM_13326,0,Public
ITEM_13327,1,Public
ITEM_13328,1,Public
ITEM_13329,1,Public
ITEM_13330,1,Public
ITEM_13331,0,Public
ITEM_13332,0,Public
ITEM_13333,1,Public
ITEM_13334,1,Public
ITEM_13335,0,Public
ITEM_13336,0,Public
ITEM_13337,0,Public
ITEM_13338,1,Public
ITEM_13339,0,Public
ITEM_13340,0,Public
ITEM_13341,1,Public
ITEM_13342,0,Public
ITEM_13343,0,Public
ITEM_13344,0,Public
ITEM_13345,0,Public
ITEM_13346,1,Public
ITEM_13347,0,Public
ITEM_13348,0,Public
ITEM_13349,0,Public
ITEM_13350,1,Public
ITEM_13351,1,Public
ITEM_13352,1,Public
ITEM_13353,1,Public
ITEM_13354,0,Public
ITEM_13355,0,Public
ITEM_13356,1,Public
ITEM_13357,1,Public
ITEM_13358,0,Public
ITEM_13359,1,Public
ITEM_13360,0,Public
ITEM_13361,0,Public
ITEM_13362,0,Public
ITEM_13363,0,Public
ITEM_13364,0,Public
ITEM_13365,1,Public
ITEM_13366,1,Public
ITEM_13367,0,Public
ITEM_13368,1,Public
ITEM_13369,1,Public
ITEM_13370,0,Public
ITEM_13371,1,Public
ITEM_13372,1,Public
ITEM_13373,0,Public
ITEM_13374,1,Public
ITEM_13375,0,Public
ITEM_13376,1,Public
ITEM_13377,0,Public
ITEM_13378,0,Public
ITEM_13379,0,Public
ITEM_13380,0,Public
ITEM_13381,0,Public
ITEM_13382,0,Public
ITEM_13383,0,Public
ITEM_13384,0,Public
ITEM_13385,0,Public
ITEM_13386,0,Public
ITEM_13387,0,Public
ITEM_13388,1,Public
ITEM_13389,1,Public
ITEM_13390,0,Public
ITEM_13391,1,Public
ITEM_13392,0,Public
ITEM_13393,1,Public
ITEM_13394,1,Public
ITEM_13395,0,Public
ITEM_13396,0,Public
ITEM_13397,1,Public
ITEM_13398,0,Public
ITEM_13399,1,Public
ITEM_13400,1,Public
ITEM_13401,0,Public
ITEM_13402,1,Public
ITEM_13403,1,Public
ITEM_13404,1,Public
ITEM_13405,1,Public
ITEM_13406,1,Public
ITEM_13407,1,Public
ITEM_13408,1,Public
ITEM_13409,0,Public
ITEM_13410,0,Public
ITEM_13411,1,Public
ITEM_13412,1,Public
ITEM_13413,0,Public
ITEM_13414,1,Public
ITEM_13415,1,Public
ITEM_13416,1,Public
ITEM_13417,1,Public
ITEM_13418,1,Public
ITEM_13419,0,Public
ITEM_13420,0,Public
ITEM_13421,0,Public
ITEM_13422,0,Public
ITEM_13423,1,Public
ITEM_13424,1,Public
ITEM_13425,1,Public
ITEM_13426,0,Public
ITEM_13427,0,Public
ITEM_13428,1,Public
ITEM_13429,1,Public
ITEM_13430,1,Public
ITEM_13431,0,Public
ITEM_13432,1,Public
ITEM_13433,1,Public
ITEM_13434,1,Public
ITEM_13435,0,Public
ITEM_13436,1,Public
ITEM_13437,0,Public
ITEM_13438,0,Public
ITEM_13439,0,Public
ITEM_13440,0,Public
ITEM_13441,1,Public
ITEM_13442,1,Public
ITEM_13443,0,Public
ITEM_13444,0,Public
ITEM_13445,0,Public
ITEM_13446,0,Public
ITEM_13447,0,Public
ITEM_13448,0,Public
ITEM_13449,1,Public
ITEM_13450,1,Public
ITEM_13451,0,Public
ITEM_13452,0,Public
ITEM_13453,0,Public
ITEM_13454,0,Public
ITEM_13455,0,Public
ITEM_13456,1,Public
ITEM_13457,1,Public
ITEM_13458,1,Public
ITEM_13459,1,Public
ITEM_13460,0,Public
ITEM_13461,0,Public
ITEM_13462,0,Public
ITEM_13463,1,Public
ITEM_13464,0,Public
ITEM_13465,0,Public
ITEM_13466,0,Public
ITEM_13467,1,Public
ITEM_13468,1,Public
ITEM_13469,1,Public
ITEM_13470,0,Public
ITEM_13471,0,Public
ITEM_13472,1,Public
ITEM_13473,1,Public
ITEM_13474,1,Public
ITEM_13475,0,Public
ITEM_13476,1,Public
ITEM_13477,0,Public
ITEM_13478,0,Public
ITEM_13479,1,Public
ITEM_13480,0,Public
ITEM_13481,1,Public
ITEM_13482,0,Public
ITEM_13483,1,Public
ITEM_13484,0,Public
ITEM_13485,0,Public
ITEM_13486,0,Public
ITEM_13487,0,Public
ITEM_13488,0,Public
ITEM_13489,0,Public
ITEM_13490,1,Public
ITEM_13491,0,Public
ITEM_13492,0,Public
ITEM_13493,1,Public
ITEM_13494,1,Public
ITEM_13495,1,Public
ITEM_13496,1,Public
ITEM_13497,1,Public
ITEM_13498,0,Public
ITEM_13499,0,Public
ITEM_13500,0,Public
ITEM_13501,1,Public
ITEM_13502,0,Public
ITEM_13503,1,Public
ITEM_13504,0,Public
ITEM_13505,0,Public
ITEM_13506,1,Public
ITEM_13507,1,Public
ITEM_13508,0,Public
ITEM_13509,0,Public
ITEM_13510,0,Public
ITEM_13511,0,Public
ITEM_13512,0,Public
ITEM_13513,0,Public
ITEM_13514,1,Public
ITEM_13515,1,Public
ITEM_13516,1,Public
ITEM_13517,0,Public
ITEM_13518,1,Public
ITEM_13519,0,Public
ITEM_13520,1,Public
ITEM_13521,1,Public
ITEM_13522,1,Public
ITEM_13523,1,Public
ITEM_13524,0,Public
ITEM_13525,1,Public
ITEM_13526,0,Public
ITEM_13527,0,Public
ITEM_13528,0,Public
ITEM_13529,1,Public
ITEM_13530,0,Public
ITEM_13531,0,Public
ITEM_13532,1,Public
ITEM_13533,0,Public
ITEM_13534,1,Public
ITEM_13535,1,Public
ITEM_13536,0,Public
ITEM_13537,0,Public
ITEM_13538,0,Public
ITEM_13539,1,Public
ITEM_13540,1,Public
ITEM_13541,1,Public
ITEM_13542,1,Public
ITEM_13543,0,Public
ITEM_13544,0,Public
ITEM_13545,1,Public
ITEM_13546,1,Public
ITEM_13547,1,Public
ITEM_13548,0,Public
ITEM_13549,1,Public
ITEM_13550,0,Public
ITEM_13551,0,Public
ITEM_13552,1,Public
ITEM_13553,1,Public
ITEM_13554,0,Public
ITEM_13555,0,Public
ITEM_13556,1,Public
ITEM_13557,1,Public
ITEM_13558,1,Public
ITEM_13559,0,Public
ITEM_13560,1,Public
ITEM_13561,1,Public
ITEM_13562,0,Public
ITEM_13563,1,Public
ITEM_13564,1,Public
ITEM_13565,0,Public
ITEM_13566,1,Public
ITEM_13567,0,Public
ITEM_13568,1,Public
ITEM_13569,1,Public
ITEM_13570,0,Public
ITEM_13571,1,Public
ITEM_13572,0,Public
ITEM_13573,0,Public
ITEM_13574,0,Public
ITEM_13575,1,Public
ITEM_13576,0,Public
ITEM_13577,1,Public
ITEM_13578,1,Public
ITEM_13579,1,Public
ITEM_13580,1,Public
ITEM_13581,1,Public
ITEM_13582,0,Public
ITEM_13583,1,Public
ITEM_13584,1,Public
ITEM_13585,0,Public
ITEM_13586,1,Public
ITEM_13587,1,Public
ITEM_13588,1,Public
ITEM_13589,1,Public
ITEM_13590,0,Public
ITEM_13591,0,Public
ITEM_13592,0,Public
ITEM_13593,1,Public
ITEM_13594,0,Public
ITEM_13595,0,Public
ITEM_13596,0,Public
ITEM_13597,0,Public
ITEM_13598,1,Public
ITEM_13599,0,Public
ITEM_13600,0,Public
ITEM_13601,0,Public
ITEM_13602,1,Public
ITEM_13603,1,Public
ITEM_13604,1,Public
ITEM_13605,1,Public
ITEM_13606,0,Public
ITEM_13607,0,Public
ITEM_13608,1,Public
ITEM_13609,1,Public
ITEM_13610,1,Public
ITEM_13611,1,Public
ITEM_13612,1,Public
ITEM_13613,0,Public
ITEM_13614,0,Public
ITEM_13615,0,Public
ITEM_13616,0,Public
ITEM_13617,1,Public
ITEM_13618,0,Public
ITEM_13619,0,Public
ITEM_13620,0,Public
ITEM_13621,1,Public
ITEM_13622,0,Public
ITEM_13623,0,Public
ITEM_13624,0,Public
ITEM_13625,0,Public
ITEM_13626,0,Public
ITEM_13627,0,Public
ITEM_13628,1,Public
ITEM_13629,0,Public
ITEM_13630,1,Public
ITEM_13631,1,Public
ITEM_13632,1,Public
ITEM_13633,1,Public
ITEM_13634,0,Public
ITEM_13635,1,Public
ITEM_13636,1,Public
ITEM_13637,1,Public
ITEM_13638,1,Public
ITEM_13639,0,Public
ITEM_13640,0,Public
ITEM_13641,1,Public
ITEM_13642,0,Public
ITEM_13643,1,Public
ITEM_13644,1,Public
ITEM_13645,0,Public
ITEM_13646,0,Public
ITEM_13647,1,Public
ITEM_13648,0,Public
ITEM_13649,1,Public
ITEM_13650,0,Public
ITEM_13651,0,Public
ITEM_13652,1,Public
ITEM_13653,1,Public
ITEM_13654,1,Public
ITEM_13655,0,Public
ITEM_13656,0,Public
ITEM_13657,0,Public
ITEM_13658,0,Public
ITEM_13659,0,Public
ITEM_13660,0,Public
ITEM_13661,0,Public
ITEM_13662,0,Public
ITEM_13663,0,Public
ITEM_13664,0,Public
ITEM_13665,1,Public
ITEM_13666,0,Public
ITEM_13667,0,Public
ITEM_13668,0,Public
ITEM_13669,1,Public
ITEM_13670,1,Public
ITEM_13671,1,Public
ITEM_13672,1,Public
ITEM_13673,0,Public
ITEM_13674,1,Public
ITEM_13675,1,Public
ITEM_13676,1,Public
ITEM_13677,1,Public
ITEM_13678,1,Public
ITEM_13679,1,Public
ITEM_13680,1,Public
ITEM_13681,0,Public
ITEM_13682,1,Public
ITEM_13683,0,Public
ITEM_13684,0,Public
ITEM_13685,0,Public
ITEM_13686,0,Public
ITEM_13687,1,Public
ITEM_13688,0,Public
ITEM_13689,1,Public
ITEM_13690,0,Public
ITEM_13691,1,Public
ITEM_13692,0,Public
ITEM_13693,0,Public
ITEM_13694,0,Public
ITEM_13695,0,Public
ITEM_13696,0,Public
ITEM_13697,1,Public
ITEM_13698,1,Public
ITEM_13699,0,Public
ITEM_13700,0,Public
ITEM_13701,0,Public
ITEM_13702,0,Public
ITEM_13703,1,Public
ITEM_13704,0,Public
ITEM_13705,1,Public
ITEM_13706,1,Public
ITEM_13707,1,Public
ITEM_13708,0,Public
ITEM_13709,0,Public
ITEM_13710,1,Public
ITEM_13711,1,Public
ITEM_13712,1,Public
ITEM_13713,0,Public
ITEM_13714,0,Public
ITEM_13715,0,Public
ITEM_13716,0,Public
ITEM_13717,0,Public
ITEM_13718,0,Public
ITEM_13719,1,Public
ITEM_13720,0,Public
ITEM_13721,1,Public
ITEM_13722,1,Public
ITEM_13723,1,Public
ITEM_13724,0,Public
ITEM_13725,0,Public
ITEM_13726,1,Public
ITEM_13727,0,Public
ITEM_13728,1,Public
ITEM_13729,0,Public
ITEM_13730,1,Public
ITEM_13731,1,Public
ITEM_13732,1,Public
ITEM_13733,1,Public
ITEM_13734,0,Public
ITEM_13735,0,Public
ITEM_13736,1,Public
ITEM_13737,0,Public
ITEM_13738,0,Public
ITEM_13739,1,Public
ITEM_13740,0,Public
ITEM_13741,1,Public
ITEM_13742,0,Public
ITEM_13743,1,Public
ITEM_13744,0,Public
ITEM_13745,0,Public
ITEM_13746,1,Public
ITEM_13747,1,Public
ITEM_13748,1,Public
ITEM_13749,0,Public
ITEM_13750,1,Public
ITEM_13751,1,Public
ITEM_13752,0,Public
ITEM_13753,0,Public
ITEM_13754,0,Public
ITEM_13755,0,Public
ITEM_13756,0,Public
ITEM_13757,0,Public
ITEM_13758,1,Public
ITEM_13759,0,Public
ITEM_13760,1,Public
ITEM_13761,0,Public
ITEM_13762,1,Public
ITEM_13763,0,Public
ITEM_13764,0,Public
ITEM_13765,1,Public
ITEM_13766,0,Public
ITEM_13767,0,Public
ITEM_13768,0,Public
ITEM_13769,1,Public
ITEM_13770,0,Public
ITEM_13771,0,Public
ITEM_13772,0,Public
ITEM_13773,1,Public
ITEM_13774,0,Public
ITEM_13775,0,Public
ITEM_13776,1,Public
ITEM_13777,0,Public
ITEM_13778,0,Public
ITEM_13779,1,Public
ITEM_13780,1,Public
ITEM_13781,0,Public
ITEM_13782,1,Public
ITEM_13783,0,Public
ITEM_13784,0,Public
ITEM_13785,1,Public
ITEM_13786,0,Public
ITEM_13787,1,Public
ITEM_13788,0,Public
ITEM_13789,1,Public
ITEM_13790,0,Public
ITEM_13791,0,Public
ITEM_13792,0,Public
ITEM_13793,1,Public
ITEM_13794,0,Public
ITEM_13795,1,Public
ITEM_13796,0,Public
ITEM_13797,1,Public
ITEM_13798,1,Public
ITEM_13799,1,Public
ITEM_13800,0,Public
ITEM_13801,0,Public
ITEM_13802,1,Public
ITEM_13803,1,Public
ITEM_13804,0,Public
ITEM_13805,1,Public
ITEM_13806,0,Public
ITEM_13807,0,Public
ITEM_13808,0,Public
ITEM_13809,1,Public
ITEM_13810,0,Public
ITEM_13811,1,Public
ITEM_13812,0,Public
ITEM_13813,1,Public
ITEM_13814,0,Public
ITEM_13815,0,Public
ITEM_13816,1,Public
ITEM_13817,1,Public
ITEM_13818,0,Public
ITEM_13819,1,Public
ITEM_13820,0,Public
ITEM_13821,1,Public
ITEM_13822,1,Public
ITEM_13823,0,Public
ITEM_13824,1,Public
ITEM_13825,1,Public
ITEM_13826,1,Public
ITEM_13827,1,Public
ITEM_13828,0,Public
ITEM_13829,1,Public
ITEM_13830,0,Public
ITEM_13831,0,Public
ITEM_13832,0,Public
ITEM_13833,0,Public
ITEM_13834,1,Public
ITEM_13835,0,Public
ITEM_13836,0,Public
ITEM_13837,1,Public
ITEM_13838,0,Public
ITEM_13839,0,Public
ITEM_13840,0,Public
ITEM_13841,0,Public
ITEM_13842,0,Public
ITEM_13843,1,Public
ITEM_13844,0,Public
ITEM_13845,1,Public
ITEM_13846,0,Public
ITEM_13847,1,Public
ITEM_13848,0,Public
ITEM_13849,1,Public
ITEM_13850,0,Public
ITEM_13851,0,Public
ITEM_13852,1,Public
ITEM_13853,0,Public
ITEM_13854,0,Public
ITEM_13855,0,Public
ITEM_13856,0,Public
ITEM_13857,0,Public
ITEM_13858,0,Public
ITEM_13859,1,Public
ITEM_13860,1,Public
ITEM_13861,0,Public
ITEM_13862,1,Public
ITEM_13863,1,Public
ITEM_13864,1,Public
ITEM_13865,1,Public
ITEM_13866,0,Public
ITEM_13867,1,Public
ITEM_13868,0,Public
ITEM_13869,0,Public
ITEM_13870,1,Public
ITEM_13871,0,Public
ITEM_13872,0,Public
ITEM_13873,0,Public
ITEM_13874,0,Public
ITEM_13875,1,Public
ITEM_13876,1,Public
ITEM_13877,1,Public
ITEM_13878,1,Public
ITEM_13879,0,Public
ITEM_13880,0,Public
ITEM_13881,1,Public
ITEM_13882,0,Public
ITEM_13883,0,Public
ITEM_13884,0,Public
ITEM_13885,1,Public
ITEM_13886,0,Public
ITEM_13887,0,Public
ITEM_13888,0,Public
ITEM_13889,1,Public
ITEM_13890,0,Public
ITEM_13891,0,Public
ITEM_13892,0,Public
ITEM_13893,0,Public
ITEM_13894,0,Public
ITEM_13895,0,Public
ITEM_13896,1,Public
ITEM_13897,1,Public
ITEM_13898,1,Public
ITEM_13899,0,Public
ITEM_13900,0,Public
ITEM_13901,0,Public
ITEM_13902,0,Public
ITEM_13903,0,Public
ITEM_13904,1,Public
ITEM_13905,0,Public
ITEM_13906,0,Public
ITEM_13907,0,Public
ITEM_13908,1,Public
ITEM_13909,1,Public
ITEM_13910,0,Public
ITEM_13911,0,Public
ITEM_13912,0,Public
ITEM_13913,0,Public
ITEM_13914,1,Public
ITEM_13915,0,Public
ITEM_13916,0,Public
ITEM_13917,0,Public
ITEM_13918,1,Public
ITEM_13919,1,Public
ITEM_13920,0,Public
ITEM_13921,0,Public
ITEM_13922,0,Public
ITEM_13923,1,Public
ITEM_13924,1,Public
ITEM_13925,0,Public
ITEM_13926,0,Public
ITEM_13927,0,Public
ITEM_13928,0,Public
ITEM_13929,0,Public
ITEM_13930,1,Public
ITEM_13931,1,Public
ITEM_13932,1,Public
ITEM_13933,1,Public
ITEM_13934,1,Public
ITEM_13935,1,Public
ITEM_13936,1,Public
ITEM_13937,0,Public
ITEM_13938,0,Public
ITEM_13939,0,Public
ITEM_13940,0,Public
ITEM_13941,1,Public
ITEM_13942,0,Public
ITEM_13943,0,Public
ITEM_13944,1,Public
ITEM_13945,0,Public
ITEM_13946,0,Public
ITEM_13947,1,Public
ITEM_13948,1,Public
ITEM_13949,1,Public
ITEM_13950,1,Public
ITEM_13951,1,Public
ITEM_13952,0,Public
ITEM_13953,1,Public
ITEM_13954,0,Public
ITEM_13955,0,Public
ITEM_13956,1,Public
ITEM_13957,0,Public
ITEM_13958,1,Public
ITEM_13959,0,Public
ITEM_13960,0,Public
ITEM_13961,1,Public
ITEM_13962,0,Public
ITEM_13963,1,Public
ITEM_13964,0,Public
ITEM_13965,1,Public
ITEM_13966,1,Public
ITEM_13967,0,Public
ITEM_13968,0,Public
ITEM_13969,1,Public
ITEM_13970,0,Public
ITEM_13971,1,Public
ITEM_13972,1,Public
ITEM_13973,0,Public
ITEM_13974,1,Public
ITEM_13975,0,Public
ITEM_13976,0,Public
ITEM_13977,0,Public
ITEM_13978,0,Public
ITEM_13979,1,Public
ITEM_13980,0,Public
ITEM_13981,1,Public
ITEM_13982,1,Public
ITEM_13983,0,Public
ITEM_13984,1,Public
ITEM_13985,1,Public
ITEM_13986,1,Public
ITEM_13987,1,Public
ITEM_13988,1,Public
ITEM_13989,0,Public
ITEM_13990,0,Public
ITEM_13991,0,Public
ITEM_13992,1,Public
ITEM_13993,0,Public
ITEM_13994,0,Public
ITEM_13995,0,Public
ITEM_13996,0,Public
ITEM_13997,0,Public
ITEM_13998,1,Public
ITEM_13999,1,Public
ITEM_14000,1,Public
ITEM_14001,0,Public
ITEM_14002,0,Public
ITEM_14003,0,Public
ITEM_14004,0,Public
ITEM_14005,0,Public
ITEM_14006,0,Public
ITEM_14007,1,Public
ITEM_14008,0,Public
ITEM_14009,1,Public
ITEM_14010,1,Public
ITEM_14011,0,Public
ITEM_14012,1,Public
ITEM_14013,0,Public
ITEM_14014,0,Public
ITEM_14015,0,Public
ITEM_14016,0,Public
ITEM_14017,0,Public
ITEM_14018,1,Public
ITEM_14019,1,Public
ITEM_14020,0,Public
ITEM_14021,0,Public
ITEM_14022,0,Public
ITEM_14023,1,Public
ITEM_14024,1,Public
ITEM_14025,0,Public
ITEM_14026,0,Public
ITEM_14027,1,Public
ITEM_14028,0,Public
ITEM_14029,1,Public
ITEM_14030,0,Public
ITEM_14031,0,Public
ITEM_14032,1,Public
ITEM_14033,0,Public
ITEM_14034,0,Public
ITEM_14035,0,Public
ITEM_14036,0,Public
ITEM_14037,1,Public
ITEM_14038,1,Public
ITEM_14039,1,Public
ITEM_14040,1,Public
ITEM_14041,1,Public
ITEM_14042,0,Public
ITEM_14043,1,Public
ITEM_14044,0,Public
ITEM_14045,0,Public
ITEM_14046,0,Public
ITEM_14047,1,Public
ITEM_14048,1,Public
ITEM_14049,0,Public
ITEM_14050,1,Public
ITEM_14051,1,Public
ITEM_14052,1,Public
ITEM_14053,0,Public
ITEM_14054,0,Public
ITEM_14055,0,Public
ITEM_14056,0,Public
ITEM_14057,1,Public
ITEM_14058,1,Public
ITEM_14059,0,Public
ITEM_14060,0,Public
ITEM_14061,0,Public
ITEM_14062,0,Public
ITEM_14063,0,Public
ITEM_14064,0,Public
ITEM_14065,0,Public
ITEM_14066,1,Public
ITEM_14067,1,Public
ITEM_14068,1,Public
ITEM_14069,1,Public
ITEM_14070,1,Public
ITEM_14071,1,Public
ITEM_14072,1,Public
ITEM_14073,0,Public
ITEM_14074,0,Public
ITEM_14075,0,Public
ITEM_14076,0,Public
ITEM_14077,1,Public
ITEM_14078,1,Public
ITEM_14079,1,Public
ITEM_14080,0,Public
ITEM_14081,0,Public
ITEM_14082,0,Public
ITEM_14083,0,Public
ITEM_14084,1,Public
ITEM_14085,0,Public
ITEM_14086,1,Public
ITEM_14087,0,Public
ITEM_14088,1,Public
ITEM_14089,0,Public
ITEM_14090,0,Public
ITEM_14091,0,Public
ITEM_14092,0,Public
ITEM_14093,0,Public
ITEM_14094,1,Public
ITEM_14095,0,Public
ITEM_14096,1,Public
ITEM_14097,1,Public
ITEM_14098,0,Public
ITEM_14099,1,Public
ITEM_14100,1,Public
ITEM_14101,1,Public
ITEM_14102,1,Public
ITEM_14103,1,Public
ITEM_14104,0,Public
ITEM_14105,0,Public
ITEM_14106,1,Public
ITEM_14107,0,Public
ITEM_14108,1,Public
ITEM_14109,1,Public
ITEM_14110,1,Public
ITEM_14111,0,Public
ITEM_14112,0,Public
ITEM_14113,0,Public
ITEM_14114,0,Public
ITEM_14115,1,Public
ITEM_14116,0,Public
ITEM_14117,0,Public
ITEM_14118,0,Public
ITEM_14119,1,Public
ITEM_14120,1,Public
ITEM_14121,0,Public
ITEM_14122,1,Public
ITEM_14123,0,Public
ITEM_14124,0,Public
ITEM_14125,1,Public
ITEM_14126,1,Public
ITEM_14127,1,Public
ITEM_14128,0,Public
ITEM_14129,1,Public
ITEM_14130,1,Public
ITEM_14131,1,Public
ITEM_14132,0,Public
ITEM_14133,0,Public
ITEM_14134,0,Public
ITEM_14135,0,Public
ITEM_14136,1,Public
ITEM_14137,1,Public
ITEM_14138,1,Public
ITEM_14139,0,Public
ITEM_14140,1,Public
ITEM_14141,0,Public
ITEM_14142,1,Public
ITEM_14143,1,Public
ITEM_14144,0,Public
ITEM_14145,0,Public
ITEM_14146,1,Public
ITEM_14147,1,Public
ITEM_14148,1,Public
ITEM_14149,0,Public
ITEM_14150,1,Public
ITEM_14151,1,Public
ITEM_14152,0,Public
ITEM_14153,1,Public
ITEM_14154,0,Public
ITEM_14155,1,Public
ITEM_14156,1,Public
ITEM_14157,1,Public
ITEM_14158,0,Public
ITEM_14159,1,Public
ITEM_14160,1,Public
ITEM_14161,0,Public
ITEM_14162,1,Public
ITEM_14163,0,Public
ITEM_14164,0,Public
ITEM_14165,0,Public
ITEM_14166,1,Public
ITEM_14167,0,Public
ITEM_14168,1,Public
ITEM_14169,1,Public
ITEM_14170,0,Public
ITEM_14171,0,Public
ITEM_14172,0,Public
ITEM_14173,0,Public
ITEM_14174,0,Public
ITEM_14175,0,Public
ITEM_14176,0,Public
ITEM_14177,1,Public
ITEM_14178,0,Public
ITEM_14179,0,Public
ITEM_14180,0,Public
ITEM_14181,0,Public
ITEM_14182,0,Public
ITEM_14183,1,Public
ITEM_14184,0,Public
ITEM_14185,0,Public
ITEM_14186,1,Public
ITEM_14187,0,Public
ITEM_14188,1,Public
ITEM_14189,1,Public
ITEM_14190,1,Public
ITEM_14191,0,Public
ITEM_14192,0,Public
ITEM_14193,1,Public
ITEM_14194,1,Public
ITEM_14195,0,Public
ITEM_14196,1,Public
ITEM_14197,1,Public
ITEM_14198,1,Public
ITEM_14199,0,Public
ITEM_14200,1,Public
ITEM_14201,1,Public
ITEM_14202,1,Public
ITEM_14203,0,Public
ITEM_14204,0,Public
ITEM_14205,0,Public
ITEM_14206,1,Public
ITEM_14207,0,Public
ITEM_14208,0,Public
ITEM_14209,0,Public
ITEM_14210,1,Public
ITEM_14211,1,Public
ITEM_14212,0,Public
ITEM_14213,1,Public
ITEM_14214,0,Public
ITEM_14215,1,Public
ITEM_14216,0,Public
ITEM_14217,0,Public
ITEM_14218,1,Public
ITEM_14219,0,Public
ITEM_14220,1,Public
ITEM_14221,0,Public
ITEM_14222,1,Public
ITEM_14223,0,Public
ITEM_14224,1,Public
ITEM_14225,1,Public
ITEM_14226,1,Public
ITEM_14227,0,Public
ITEM_14228,1,Public
ITEM_14229,0,Public
ITEM_14230,1,Public
ITEM_14231,0,Public
ITEM_14232,1,Public
ITEM_14233,0,Public
ITEM_14234,0,Public
ITEM_14235,0,Public
ITEM_14236,1,Public
ITEM_14237,0,Public
ITEM_14238,1,Public
ITEM_14239,1,Public
ITEM_14240,1,Public
ITEM_14241,1,Public
ITEM_14242,1,Public
ITEM_14243,0,Public
ITEM_14244,0,Public
ITEM_14245,0,Public
ITEM_14246,1,Public
ITEM_14247,1,Public
ITEM_14248,1,Public
ITEM_14249,0,Public
ITEM_14250,0,Public
ITEM_14251,0,Public
ITEM_14252,1,Public
ITEM_14253,0,Public
ITEM_14254,1,Public
ITEM_14255,0,Public
ITEM_14256,1,Public
ITEM_14257,0,Public
ITEM_14258,0,Public
ITEM_14259,0,Public
ITEM_14260,1,Public
ITEM_14261,0,Public
ITEM_14262,1,Public
ITEM_14263,1,Public
ITEM_14264,1,Public
ITEM_14265,0,Public
ITEM_14266,1,Public
ITEM_14267,1,Public
ITEM_14268,1,Public
ITEM_14269,1,Public
ITEM_14270,0,Public
ITEM_14271,1,Public
ITEM_14272,1,Public
ITEM_14273,0,Public
ITEM_14274,1,Public
ITEM_14275,1,Public
ITEM_14276,1,Public
ITEM_14277,1,Public
ITEM_14278,0,Public
ITEM_14279,1,Public
ITEM_14280,1,Public
ITEM_14281,0,Public
ITEM_14282,0,Public
ITEM_14283,1,Public
ITEM_14284,0,Public
ITEM_14285,0,Public
ITEM_14286,0,Public
ITEM_14287,0,Public
ITEM_14288,0,Public
ITEM_14289,1,Public
ITEM_14290,0,Public
ITEM_14291,0,Public
ITEM_14292,0,Public
ITEM_14293,1,Public
ITEM_14294,1,Public
ITEM_14295,0,Public
ITEM_14296,0,Public
ITEM_14297,1,Public
ITEM_14298,0,Public
ITEM_14299,0,Public
ITEM_14300,0,Public
ITEM_14301,1,Public
ITEM_14302,0,Public
ITEM_14303,0,Public
ITEM_14304,1,Public
ITEM_14305,0,Public
ITEM_14306,0,Public
ITEM_14307,1,Public
ITEM_14308,1,Public
ITEM_14309,0,Public
ITEM_14310,0,Public
ITEM_14311,0,Public
ITEM_14312,0,Public
ITEM_14313,0,Public
ITEM_14314,0,Public
ITEM_14315,1,Public
ITEM_14316,0,Public
ITEM_14317,1,Public
ITEM_14318,0,Public
ITEM_14319,0,Public
ITEM_14320,1,Public
ITEM_14321,0,Public
ITEM_14322,1,Public
ITEM_14323,0,Public
ITEM_14324,1,Public
ITEM_14325,1,Public
ITEM_14326,0,Public
ITEM_14327,0,Public
ITEM_14328,0,Public
ITEM_14329,0,Public
ITEM_14330,0,Public
ITEM_14331,1,Public
ITEM_14332,0,Public
ITEM_14333,0,Public
ITEM_14334,1,Public
ITEM_14335,0,Public
ITEM_14336,0,Public
ITEM_14337,1,Public
ITEM_14338,1,Public
ITEM_14339,0,Public
ITEM_14340,0,Public
ITEM_14341,0,Public
ITEM_14342,1,Public
ITEM_14343,1,Public
ITEM_14344,0,Public
ITEM_14345,1,Public
ITEM_14346,1,Public
ITEM_14347,0,Public
ITEM_14348,1,Public
ITEM_14349,0,Public
ITEM_14350,0,Public
ITEM_14351,0,Public
ITEM_14352,0,Public
ITEM_14353,1,Public
ITEM_14354,1,Public
ITEM_14355,1,Public
ITEM_14356,0,Public
ITEM_14357,0,Public
ITEM_14358,0,Public
ITEM_14359,0,Public
ITEM_14360,0,Public
ITEM_14361,1,Public
ITEM_14362,0,Public
ITEM_14363,1,Public
ITEM_14364,0,Public
ITEM_14365,0,Public
ITEM_14366,1,Public
ITEM_14367,0,Public
ITEM_14368,0,Public
ITEM_14369,0,Public
ITEM_14370,0,Public
ITEM_14371,1,Public
ITEM_14372,1,Public
ITEM_14373,0,Public
ITEM_14374,1,Public
ITEM_14375,0,Public
ITEM_14376,1,Public
ITEM_14377,1,Public
ITEM_14378,1,Public
ITEM_14379,0,Public
ITEM_14380,0,Public
ITEM_14381,1,Public
ITEM_14382,1,Public
ITEM_14383,1,Public
ITEM_14384,1,Public
ITEM_14385,1,Public
ITEM_14386,0,Public
ITEM_14387,0,Public
ITEM_14388,0,Public
ITEM_14389,1,Public
ITEM_14390,0,Public
ITEM_14391,0,Public
ITEM_14392,0,Public
ITEM_14393,0,Public
ITEM_14394,0,Public
ITEM_14395,1,Public
ITEM_14396,0,Public
ITEM_14397,0,Public
ITEM_14398,0,Public
ITEM_14399,1,Public
ITEM_14400,0,Public
ITEM_14401,0,Public
ITEM_14402,0,Public
ITEM_14403,0,Public
ITEM_14404,0,Public
ITEM_14405,0,Public
ITEM_14406,0,Public
ITEM_14407,0,Public
ITEM_14408,1,Public
ITEM_14409,0,Public
ITEM_14410,0,Public
ITEM_14411,0,Public
ITEM_14412,0,Public
ITEM_14413,0,Public
ITEM_14414,0,Public
ITEM_14415,1,Public
ITEM_14416,0,Public
ITEM_14417,1,Public
ITEM_14418,1,Public
ITEM_14419,1,Public
ITEM_14420,0,Public
ITEM_14421,1,Public
ITEM_14422,1,Public
ITEM_14423,0,Public
ITEM_14424,1,Public
ITEM_14425,0,Public
ITEM_14426,1,Public
ITEM_14427,1,Public
ITEM_14428,0,Public
ITEM_14429,1,Public
ITEM_14430,1,Public
ITEM_14431,0,Public
ITEM_14432,0,Public
ITEM_14433,1,Public
ITEM_14434,1,Public
ITEM_14435,0,Public
ITEM_14436,0,Public
ITEM_14437,0,Public
ITEM_14438,0,Public
ITEM_14439,1,Public
ITEM_14440,0,Public
ITEM_14441,1,Public
ITEM_14442,1,Public
ITEM_14443,0,Public
ITEM_14444,1,Public
ITEM_14445,0,Public
ITEM_14446,1,Public
ITEM_14447,1,Public
ITEM_14448,1,Public
ITEM_14449,0,Public
ITEM_14450,1,Public
ITEM_14451,1,Public
ITEM_14452,0,Public
ITEM_14453,0,Public
ITEM_14454,0,Public
ITEM_14455,0,Public
ITEM_14456,0,Public
ITEM_14457,1,Public
ITEM_14458,1,Public
ITEM_14459,0,Public
ITEM_14460,0,Public
ITEM_14461,1,Public
ITEM_14462,0,Public
ITEM_14463,0,Public
ITEM_14464,0,Public
ITEM_14465,0,Public
ITEM_14466,0,Public
ITEM_14467,0,Public
ITEM_14468,1,Public
ITEM_14469,0,Public
ITEM_14470,0,Public
ITEM_14471,1,Public
ITEM_14472,0,Public
ITEM_14473,1,Public
ITEM_14474,1,Public
ITEM_14475,0,Public
ITEM_14476,0,Public
ITEM_14477,0,Public
ITEM_14478,0,Public
ITEM_14479,0,Public
ITEM_14480,0,Public
ITEM_14481,1,Public
ITEM_14482,0,Public
ITEM_14483,0,Public
ITEM_14484,1,Public
ITEM_14485,1,Public
ITEM_14486,0,Public
ITEM_14487,1,Public
ITEM_14488,0,Public
ITEM_14489,0,Public
ITEM_14490,1,Public
ITEM_14491,0,Public
ITEM_14492,1,Public
ITEM_14493,1,Public
ITEM_14494,0,Public
ITEM_14495,1,Public
ITEM_14496,1,Public
ITEM_14497,0,Public
ITEM_14498,0,Public
ITEM_14499,1,Public
ITEM_14500,0,Public
ITEM_14501,1,Public
ITEM_14502,0,Public
ITEM_14503,0,Public
ITEM_14504,1,Public
ITEM_14505,1,Public
ITEM_14506,1,Public
ITEM_14507,0,Public
ITEM_14508,1,Public
ITEM_14509,0,Public
ITEM_14510,1,Public
ITEM_14511,0,Public
ITEM_14512,1,Public
ITEM_14513,1,Public
ITEM_14514,1,Public
ITEM_14515,0,Public
ITEM_14516,0,Public
ITEM_14517,0,Public
ITEM_14518,1,Public
ITEM_14519,0,Public
ITEM_14520,1,Public
ITEM_14521,1,Public
ITEM_14522,0,Public
ITEM_14523,1,Public
ITEM_14524,0,Public
ITEM_14525,0,Public
ITEM_14526,0,Public
ITEM_14527,0,Public
ITEM_14528,0,Public
ITEM_14529,0,Public
ITEM_14530,1,Public
ITEM_14531,1,Public
ITEM_14532,1,Public
ITEM_14533,1,Public
ITEM_14534,0,Public
ITEM_14535,1,Public
ITEM_14536,1,Public
ITEM_14537,0,Public
ITEM_14538,0,Public
ITEM_14539,0,Public
ITEM_14540,0,Public
ITEM_14541,0,Public
ITEM_14542,0,Public
ITEM_14543,1,Public
ITEM_14544,0,Public
ITEM_14545,1,Public
ITEM_14546,0,Public
ITEM_14547,0,Public
ITEM_14548,1,Public
ITEM_14549,0,Public
ITEM_14550,0,Public
ITEM_14551,0,Public
ITEM_14552,0,Public
ITEM_14553,1,Public
ITEM_14554,1,Public
ITEM_14555,1,Public
ITEM_14556,1,Public
ITEM_14557,0,Public
ITEM_14558,0,Public
ITEM_14559,1,Public
ITEM_14560,0,Public
ITEM_14561,1,Public
ITEM_14562,1,Public
ITEM_14563,1,Public
ITEM_14564,0,Public
ITEM_14565,1,Public
ITEM_14566,1,Public
ITEM_14567,1,Public
ITEM_14568,0,Public
ITEM_14569,1,Public
ITEM_14570,1,Public
ITEM_14571,1,Public
ITEM_14572,0,Public
ITEM_14573,0,Public
ITEM_14574,0,Public
ITEM_14575,0,Public
ITEM_14576,0,Public
ITEM_14577,0,Public
ITEM_14578,0,Public
ITEM_14579,0,Public
ITEM_14580,0,Public
ITEM_14581,0,Public
ITEM_14582,0,Public
ITEM_14583,0,Public
ITEM_14584,0,Public
ITEM_14585,0,Public
ITEM_14586,0,Public
ITEM_14587,0,Public
ITEM_14588,0,Public
ITEM_14589,1,Public
ITEM_14590,1,Public
ITEM_14591,0,Public
ITEM_14592,1,Public
ITEM_14593,0,Public
ITEM_14594,0,Public
ITEM_14595,0,Public
ITEM_14596,1,Public
ITEM_14597,0,Public
ITEM_14598,0,Public
ITEM_14599,1,Public
ITEM_14600,0,Public
ITEM_14601,1,Public
ITEM_14602,1,Public
ITEM_14603,1,Public
ITEM_14604,0,Public
ITEM_14605,1,Public
ITEM_14606,1,Public
ITEM_14607,1,Public
ITEM_14608,1,Public
ITEM_14609,0,Public
ITEM_14610,0,Public
ITEM_14611,0,Public
ITEM_14612,0,Public
ITEM_14613,0,Public
ITEM_14614,0,Public
ITEM_14615,0,Public
ITEM_14616,1,Public
ITEM_14617,1,Public
ITEM_14618,1,Public
ITEM_14619,0,Public
ITEM_14620,1,Public
ITEM_14621,0,Public
ITEM_14622,0,Public
ITEM_14623,0,Public
ITEM_14624,0,Public
ITEM_14625,0,Public
ITEM_14626,0,Public
ITEM_14627,0,Public
ITEM_14628,1,Public
ITEM_14629,0,Public
ITEM_14630,1,Public
ITEM_14631,1,Public
ITEM_14632,0,Public
ITEM_14633,1,Public
ITEM_14634,0,Public
ITEM_14635,0,Public
ITEM_14636,1,Public
ITEM_14637,0,Public
ITEM_14638,0,Public
ITEM_14639,0,Public
ITEM_14640,0,Public
ITEM_14641,0,Public
ITEM_14642,0,Public
ITEM_14643,0,Public
ITEM_14644,0,Public
ITEM_14645,1,Public
ITEM_14646,1,Public
ITEM_14647,0,Public
ITEM_14648,0,Public
ITEM_14649,1,Public
ITEM_14650,1,Public
ITEM_14651,0,Public
ITEM_14652,0,Public
ITEM_14653,1,Public
ITEM_14654,1,Public
ITEM_14655,1,Public
ITEM_14656,1,Public
ITEM_14657,0,Public
ITEM_14658,1,Public
ITEM_14659,1,Public
ITEM_14660,0,Public
ITEM_14661,0,Public
ITEM_14662,1,Public
ITEM_14663,1,Public
ITEM_14664,0,Public
ITEM_14665,0,Public
ITEM_14666,1,Public
ITEM_14667,0,Public
ITEM_14668,1,Public
ITEM_14669,1,Public
ITEM_14670,1,Public
ITEM_14671,0,Public
ITEM_14672,0,Public
ITEM_14673,1,Public
ITEM_14674,1,Public
ITEM_14675,0,Public
ITEM_14676,1,Public
ITEM_14677,1,Public
ITEM_14678,1,Public
ITEM_14679,0,Public
ITEM_14680,0,Public
ITEM_14681,0,Public
ITEM_14682,1,Public
ITEM_14683,1,Public
ITEM_14684,1,Public
ITEM_14685,0,Public
ITEM_14686,0,Public
ITEM_14687,1,Public
ITEM_14688,0,Public
ITEM_14689,1,Public
ITEM_14690,0,Public
ITEM_14691,1,Public
ITEM_14692,1,Public
ITEM_14693,0,Public
ITEM_14694,1,Public
ITEM_14695,1,Public
ITEM_14696,1,Public
ITEM_14697,1,Public
ITEM_14698,1,Public
ITEM_14699,0,Public
ITEM_14700,0,Public
ITEM_14701,1,Public
ITEM_14702,0,Public
ITEM_14703,0,Public
ITEM_14704,0,Public
ITEM_14705,0,Public
ITEM_14706,1,Public
ITEM_14707,1,Public
ITEM_14708,0,Public
ITEM_14709,1,Public
ITEM_14710,0,Public
ITEM_14711,1,Public
ITEM_14712,0,Public
ITEM_14713,0,Public
ITEM_14714,0,Public
ITEM_14715,1,Public
ITEM_14716,1,Public
ITEM_14717,1,Public
ITEM_14718,0,Public
ITEM_14719,0,Public
ITEM_14720,0,Public
ITEM_14721,0,Public
ITEM_14722,1,Public
ITEM_14723,0,Public
ITEM_14724,1,Public
ITEM_14725,0,Public
ITEM_14726,0,Public
ITEM_14727,0,Public
ITEM_14728,0,Public
ITEM_14729,1,Public
ITEM_14730,0,Public
ITEM_14731,0,Public
ITEM_14732,0,Public
ITEM_14733,0,Public
ITEM_14734,0,Public
ITEM_14735,1,Public
ITEM_14736,1,Public
ITEM_14737,0,Public
ITEM_14738,0,Public
ITEM_14739,0,Public
ITEM_14740,1,Public
ITEM_14741,0,Public
ITEM_14742,0,Public
ITEM_14743,0,Public
ITEM_14744,1,Public
ITEM_14745,1,Public
ITEM_14746,1,Public
ITEM_14747,1,Public
ITEM_14748,1,Public
ITEM_14749,0,Public
ITEM_14750,1,Public
ITEM_14751,1,Public
ITEM_14752,0,Public
ITEM_14753,1,Public
ITEM_14754,0,Public
ITEM_14755,1,Public
ITEM_14756,1,Public
ITEM_14757,0,Public
ITEM_14758,0,Public
ITEM_14759,0,Public
ITEM_14760,0,Public
ITEM_14761,0,Public
ITEM_14762,0,Public
ITEM_14763,1,Public
ITEM_14764,0,Public
ITEM_14765,0,Public
ITEM_14766,1,Public
ITEM_14767,0,Public
ITEM_14768,1,Public
ITEM_14769,0,Public
ITEM_14770,0,Public
ITEM_14771,1,Public
ITEM_14772,1,Public
ITEM_14773,1,Public
ITEM_14774,0,Public
ITEM_14775,0,Public
ITEM_14776,1,Public
ITEM_14777,1,Public
ITEM_14778,1,Public
ITEM_14779,0,Public
ITEM_14780,0,Public
ITEM_14781,1,Public
ITEM_14782,1,Public
ITEM_14783,1,Public
ITEM_14784,1,Public
ITEM_14785,0,Public
ITEM_14786,1,Public
ITEM_14787,1,Public
ITEM_14788,1,Public
ITEM_14789,1,Public
ITEM_14790,1,Public
ITEM_14791,0,Public
ITEM_14792,1,Public
ITEM_14793,1,Public
ITEM_14794,0,Public
ITEM_14795,1,Public
ITEM_14796,1,Public
ITEM_14797,0,Public
ITEM_14798,1,Public
ITEM_14799,0,Public
ITEM_14800,1,Public
ITEM_14801,1,Public
ITEM_14802,0,Public
ITEM_14803,0,Public
ITEM_14804,0,Public
ITEM_14805,1,Public
ITEM_14806,0,Public
ITEM_14807,0,Public
ITEM_14808,0,Public
ITEM_14809,0,Public
ITEM_14810,1,Public
ITEM_14811,0,Public
ITEM_14812,0,Public
ITEM_14813,0,Public
ITEM_14814,0,Public
ITEM_14815,1,Public
ITEM_14816,1,Public
ITEM_14817,0,Public
ITEM_14818,0,Public
ITEM_14819,1,Public
ITEM_14820,0,Public
ITEM_14821,1,Public
ITEM_14822,1,Public
ITEM_14823,0,Public
ITEM_14824,0,Public
ITEM_14825,1,Public
ITEM_14826,1,Public
ITEM_14827,1,Public
ITEM_14828,0,Public
ITEM_14829,0,Public
ITEM_14830,0,Public
ITEM_14831,0,Public
ITEM_14832,0,Public
ITEM_14833,0,Public
ITEM_14834,0,Public
ITEM_14835,0,Public
ITEM_14836,1,Public
ITEM_14837,1,Public
ITEM_14838,0,Public
ITEM_14839,0,Public
ITEM_14840,1,Public
ITEM_14841,0,Public
ITEM_14842,0,Public
ITEM_14843,0,Public
ITEM_14844,1,Public
ITEM_14845,0,Public
ITEM_14846,1,Public
ITEM_14847,1,Public
ITEM_14848,0,Public
ITEM_14849,1,Public
ITEM_14850,1,Public
ITEM_14851,0,Public
ITEM_14852,0,Public
ITEM_14853,0,Public
ITEM_14854,0,Public
ITEM_14855,0,Public
ITEM_14856,0,Public
ITEM_14857,0,Public
ITEM_14858,0,Public
ITEM_14859,0,Public
ITEM_14860,1,Public
ITEM_14861,0,Public
ITEM_14862,1,Public
ITEM_14863,0,Public
ITEM_14864,0,Public
ITEM_14865,0,Public
ITEM_14866,1,Public
ITEM_14867,0,Public
ITEM_14868,0,Public
ITEM_14869,1,Public
ITEM_14870,0,Public
ITEM_14871,0,Public
ITEM_14872,0,Public
ITEM_14873,1,Public
ITEM_14874,0,Public
ITEM_14875,0,Public
ITEM_14876,1,Public
ITEM_14877,0,Public
ITEM_14878,0,Public
ITEM_14879,0,Public
ITEM_14880,0,Public
ITEM_14881,0,Public
ITEM_14882,0,Public
ITEM_14883,0,Public
ITEM_14884,1,Public
ITEM_14885,0,Public
ITEM_14886,0,Public
ITEM_14887,0,Public
ITEM_14888,0,Public
ITEM_14889,0,Public
ITEM_14890,0,Public
ITEM_14891,0,Public
ITEM_14892,0,Public
ITEM_14893,0,Public
ITEM_14894,0,Public
ITEM_14895,1,Public
ITEM_14896,0,Public
ITEM_14897,0,Public
ITEM_14898,1,Public
ITEM_14899,0,Public
ITEM_14900,0,Public
ITEM_14901,0,Public
ITEM_14902,0,Public
ITEM_14903,0,Public
ITEM_14904,0,Public
ITEM_14905,0,Public
ITEM_14906,0,Public
ITEM_14907,1,Public
ITEM_14908,0,Public
ITEM_14909,1,Public
ITEM_14910,0,Public
ITEM_14911,1,Public
ITEM_14912,1,Public
ITEM_14913,0,Public
ITEM_14914,0,Public
ITEM_14915,0,Public
ITEM_14916,0,Public
ITEM_14917,0,Public
ITEM_14918,1,Public
ITEM_14919,0,Public
ITEM_14920,1,Public
ITEM_14921,1,Public
ITEM_14922,1,Public
ITEM_14923,1,Public
ITEM_14924,0,Public
ITEM_14925,1,Public
ITEM_14926,1,Public
ITEM_14927,0,Public
ITEM_14928,0,Public
ITEM_14929,0,Public
ITEM_14930,0,Public
ITEM_14931,1,Public
ITEM_14932,0,Public
ITEM_14933,0,Public
ITEM_14934,1,Public
ITEM_14935,0,Public
ITEM_14936,0,Public
ITEM_14937,1,Public
ITEM_14938,1,Public
ITEM_14939,0,Public
ITEM_14940,0,Public
ITEM_14941,0,Public
ITEM_14942,1,Public
ITEM_14943,0,Public
ITEM_14944,1,Public
ITEM_14945,1,Public
ITEM_14946,1,Public
ITEM_14947,1,Public
ITEM_14948,1,Public
ITEM_14949,1,Public
ITEM_14950,0,Public
ITEM_14951,1,Public
ITEM_14952,0,Public
ITEM_14953,0,Public
ITEM_14954,1,Public
ITEM_14955,0,Public
ITEM_14956,0,Public
ITEM_14957,0,Public
ITEM_14958,1,Public
ITEM_14959,0,Public
ITEM_14960,1,Public
ITEM_14961,0,Public
ITEM_14962,1,Public
ITEM_14963,1,Public
ITEM_14964,1,Public
ITEM_14965,1,Public
ITEM_14966,0,Public
ITEM_14967,0,Public
ITEM_14968,0,Public
ITEM_14969,0,Public
ITEM_14970,1,Public
ITEM_14971,1,Public
ITEM_14972,1,Public
ITEM_14973,0,Public
ITEM_14974,1,Public
ITEM_14975,0,Public
ITEM_14976,0,Public
ITEM_14977,1,Public
ITEM_14978,0,Public
ITEM_14979,1,Public
ITEM_14980,0,Public
ITEM_14981,1,Public
ITEM_14982,1,Public
ITEM_14983,1,Public
ITEM_14984,0,Public
ITEM_14985,1,Public
ITEM_14986,0,Public
ITEM_14987,1,Public
ITEM_14988,0,Public
ITEM_14989,1,Public
ITEM_14990,1,Public
ITEM_14991,1,Public
ITEM_14992,0,Public
ITEM_14993,1,Public
ITEM_14994,1,Public
ITEM_14995,1,Public
ITEM_14996,0,Public
ITEM_14997,1,Public
ITEM_14998,1,Public
ITEM_14999,0,Public
